sample_idx,component_name,component_indices,source_id,reference_id,seed
0,eyes,"[0, 1]",celeba_hq_00000,celeba_hq_01000,100
1,eyes,"[0, 1]",celeba_hq_00001,celeba_hq_01001,101
2,eyes,"[0, 1]",celeba_hq_00002,celeba_hq_01002,102
3,eyes,"[0, 1]",celeba_hq_00003,celeba_hq_01003,103
4,eyes,"[0, 1]",celeba_hq_00004,celeba_hq_01004,104
5,eyes,"[0, 1]",celeba_hq_00005,celeba_hq_01005,105
6,eyes,"[0, 1]",celeba_hq_00006,celeba_hq_01006,106
7,eyes,"[0, 1]",celeba_hq_00007,celeba_hq_01007,107
8,eyes,"[0, 1]",celeba_hq_00008,celeba_hq_01008,108
9,eyes,"[0, 1]",celeba_hq_00009,celeba_hq_01009,109
10,eyes,"[0, 1]",celeba_hq_00010,celeba_hq_01010,110
11,eyes,"[0, 1]",celeba_hq_00011,celeba_hq_01011,111
12,eyes,"[0, 1]",celeba_hq_00012,celeba_hq_01012,112
13,eyes,"[0, 1]",celeba_hq_00013,celeba_hq_01013,113
14,eyes,"[0, 1]",celeba_hq_00014,celeba_hq_01014,114
15,eyes,"[0, 1]",celeba_hq_00015,celeba_hq_01015,115
16,eyes,"[0, 1]",celeba_hq_00016,celeba_hq_01016,116
17,eyes,"[0, 1]",celeba_hq_00017,celeba_hq_01017,117
18,eyes,"[0, 1]",celeba_hq_00018,celeba_hq_01018,118
19,eyes,"[0, 1]",celeba_hq_00019,celeba_hq_01019,119
20,eyes,"[0, 1]",celeba_hq_00020,celeba_hq_01020,120
21,eyes,"[0, 1]",celeba_hq_00021,celeba_hq_01021,121
22,eyes,"[0, 1]",celeba_hq_00022,celeba_hq_01022,122
23,eyes,"[0, 1]",celeba_hq_00023,celeba_hq_01023,123
24,eyes,"[0, 1]",celeba_hq_00024,celeba_hq_01024,124
25,eyes,"[0, 1]",celeba_hq_00025,celeba_hq_01025,125
26,eyes,"[0, 1]",celeba_hq_00026,celeba_hq_01026,126
27,eyes,"[0, 1]",celeba_hq_00027,celeba_hq_01027,127
28,eyes,"[0, 1]",celeba_hq_00028,celeba_hq_01028,128
29,eyes,"[0, 1]",celeba_hq_00029,celeba_hq_01029,129
30,eyes,"[0, 1]",celeba_hq_00030,celeba_hq_01030,130
31,eyes,"[0, 1]",celeba_hq_00031,celeba_hq_01031,131
32,eyes,"[0, 1]",celeba_hq_00032,celeba_hq_01032,132
33,eyes,"[0, 1]",celeba_hq_00033,celeba_hq_01033,133
34,eyes,"[0, 1]",celeba_hq_00034,celeba_hq_01034,134
35,eyes,"[0, 1]",celeba_hq_00035,celeba_hq_01035,135
36,eyes,"[0, 1]",celeba_hq_00036,celeba_hq_01036,136
37,eyes,"[0, 1]",celeba_hq_00037,celeba_hq_01037,137
38,eyes,"[0, 1]",celeba_hq_00038,celeba_hq_01038,138
39,eyes,"[0, 1]",celeba_hq_00039,celeba_hq_01039,139
40,eyes,"[0, 1]",celeba_hq_00040,celeba_hq_01040,140
41,eyes,"[0, 1]",celeba_hq_00041,celeba_hq_01041,141
42,eyes,"[0, 1]",celeba_hq_00042,celeba_hq_01042,142
43,eyes,"[0, 1]",celeba_hq_00043,celeba_hq_01043,143
44,eyes,"[0, 1]",celeba_hq_00044,celeba_hq_01044,144
45,eyes,"[0, 1]",celeba_hq_00045,celeba_hq_01045,145
46,eyes,"[0, 1]",celeba_hq_00046,celeba_hq_01046,146
47,eyes,"[0, 1]",celeba_hq_00047,celeba_hq_01047,147
48,eyes,"[0, 1]",celeba_hq_00048,celeba_hq_01048,148
49,eyes,"[0, 1]",celeba_hq_00049,celeba_hq_01049,149
50,eyes,"[0, 1]",celeba_hq_00050,celeba_hq_01050,150
51,eyes,"[0, 1]",celeba_hq_00051,celeba_hq_01051,151
52,eyes,"[0, 1]",celeba_hq_00052,celeba_hq_01052,152
53,eyes,"[0, 1]",celeba_hq_00053,celeba_hq_01053,153
54,eyes,"[0, 1]",celeba_hq_00054,celeba_hq_01054,154
55,eyes,"[0, 1]",celeba_hq_00055,celeba_hq_01055,155
56,eyes,"[0, 1]",celeba_hq_00056,celeba_hq_01056,156
57,eyes,"[0, 1]",celeba_hq_00057,celeba_hq_01057,157
58,eyes,"[0, 1]",celeba_hq_00058,celeba_hq_01058,158
59,eyes,"[0, 1]",celeba_hq_00059,celeba_hq_01059,159
60,eyes,"[0, 1]",celeba_hq_00060,celeba_hq_01060,160
61,eyes,"[0, 1]",celeba_hq_00061,celeba_hq_01061,161
62,eyes,"[0, 1]",celeba_hq_00062,celeba_hq_01062,162
63,eyes,"[0, 1]",celeba_hq_00063,celeba_hq_01063,163
64,eyes,"[0, 1]",celeba_hq_00064,celeba_hq_01064,164
65,eyes,"[0, 1]",celeba_hq_00065,celeba_hq_01065,165
66,eyes,"[0, 1]",celeba_hq_00066,celeba_hq_01066,166
67,eyes,"[0, 1]",celeba_hq_00067,celeba_hq_01067,167
68,eyes,"[0, 1]",celeba_hq_00068,celeba_hq_01068,168
69,eyes,"[0, 1]",celeba_hq_00069,celeba_hq_01069,169
70,eyes,"[0, 1]",celeba_hq_00070,celeba_hq_01070,170
71,eyes,"[0, 1]",celeba_hq_00071,celeba_hq_01071,171
72,eyes,"[0, 1]",celeba_hq_00072,celeba_hq_01072,172
73,eyes,"[0, 1]",celeba_hq_00073,celeba_hq_01073,173
74,eyes,"[0, 1]",celeba_hq_00074,celeba_hq_01074,174
75,eyes,"[0, 1]",celeba_hq_00075,celeba_hq_01075,175
76,eyes,"[0, 1]",celeba_hq_00076,celeba_hq_01076,176
77,eyes,"[0, 1]",celeba_hq_00077,celeba_hq_01077,177
78,eyes,"[0, 1]",celeba_hq_00078,celeba_hq_01078,178
79,eyes,"[0, 1]",celeba_hq_00079,celeba_hq_01079,179
80,eyes,"[0, 1]",celeba_hq_00080,celeba_hq_01080,180
81,eyes,"[0, 1]",celeba_hq_00081,celeba_hq_01081,181
82,eyes,"[0, 1]",celeba_hq_00082,celeba_hq_01082,182
83,eyes,"[0, 1]",celeba_hq_00083,celeba_hq_01083,183
84,eyes,"[0, 1]",celeba_hq_00084,celeba_hq_01084,184
85,eyes,"[0, 1]",celeba_hq_00085,celeba_hq_01085,185
86,eyes,"[0, 1]",celeba_hq_00086,celeba_hq_01086,186
87,eyes,"[0, 1]",celeba_hq_00087,celeba_hq_01087,187
88,eyes,"[0, 1]",celeba_hq_00088,celeba_hq_01088,188
89,eyes,"[0, 1]",celeba_hq_00089,celeba_hq_01089,189
90,eyes,"[0, 1]",celeba_hq_00090,celeba_hq_01090,190
91,eyes,"[0, 1]",celeba_hq_00091,celeba_hq_01091,191
92,eyes,"[0, 1]",celeba_hq_00092,celeba_hq_01092,192
93,eyes,"[0, 1]",celeba_hq_00093,celeba_hq_01093,193
94,eyes,"[0, 1]",celeba_hq_00094,celeba_hq_01094,194
95,eyes,"[0, 1]",celeba_hq_00095,celeba_hq_01095,195
96,eyes,"[0, 1]",celeba_hq_00096,celeba_hq_01096,196
97,eyes,"[0, 1]",celeba_hq_00097,celeba_hq_01097,197
98,eyes,"[0, 1]",celeba_hq_00098,celeba_hq_01098,198
99,eyes,"[0, 1]",celeba_hq_00099,celeba_hq_01099,199
100,eyes,"[0, 1]",celeba_hq_00100,celeba_hq_01100,200
101,eyes,"[0, 1]",celeba_hq_00101,celeba_hq_01101,201
102,eyes,"[0, 1]",celeba_hq_00102,celeba_hq_01102,202
103,eyes,"[0, 1]",celeba_hq_00103,celeba_hq_01103,203
104,eyes,"[0, 1]",celeba_hq_00104,celeba_hq_01104,204
105,eyes,"[0, 1]",celeba_hq_00105,celeba_hq_01105,205
106,eyes,"[0, 1]",celeba_hq_00106,celeba_hq_01106,206
107,eyes,"[0, 1]",celeba_hq_00107,celeba_hq_01107,207
108,eyes,"[0, 1]",celeba_hq_00108,celeba_hq_01108,208
109,eyes,"[0, 1]",celeba_hq_00109,celeba_hq_01109,209
110,eyes,"[0, 1]",celeba_hq_00110,celeba_hq_01110,210
111,eyes,"[0, 1]",celeba_hq_00111,celeba_hq_01111,211
112,eyes,"[0, 1]",celeba_hq_00112,celeba_hq_01112,212
113,eyes,"[0, 1]",celeba_hq_00113,celeba_hq_01113,213
114,eyes,"[0, 1]",celeba_hq_00114,celeba_hq_01114,214
115,eyes,"[0, 1]",celeba_hq_00115,celeba_hq_01115,215
116,eyes,"[0, 1]",celeba_hq_00116,celeba_hq_01116,216
117,eyes,"[0, 1]",celeba_hq_00117,celeba_hq_01117,217
118,eyes,"[0, 1]",celeba_hq_00118,celeba_hq_01118,218
119,eyes,"[0, 1]",celeba_hq_00119,celeba_hq_01119,219
120,eyes,"[0, 1]",celeba_hq_00120,celeba_hq_01120,220
121,eyes,"[0, 1]",celeba_hq_00121,celeba_hq_01121,221
122,eyes,"[0, 1]",celeba_hq_00122,celeba_hq_01122,222
123,eyes,"[0, 1]",celeba_hq_00123,celeba_hq_01123,223
124,eyes,"[0, 1]",celeba_hq_00124,celeba_hq_01124,224
125,eyes,"[0, 1]",celeba_hq_00125,celeba_hq_01125,225
126,eyes,"[0, 1]",celeba_hq_00126,celeba_hq_01126,226
127,eyes,"[0, 1]",celeba_hq_00127,celeba_hq_01127,227
128,eyes,"[0, 1]",celeba_hq_00128,celeba_hq_01128,228
129,eyes,"[0, 1]",celeba_hq_00129,celeba_hq_01129,229
130,eyes,"[0, 1]",celeba_hq_00130,celeba_hq_01130,230
131,eyes,"[0, 1]",celeba_hq_00131,celeba_hq_01131,231
132,eyes,"[0, 1]",celeba_hq_00132,celeba_hq_01132,232
133,eyes,"[0, 1]",celeba_hq_00133,celeba_hq_01133,233
134,eyes,"[0, 1]",celeba_hq_00134,celeba_hq_01134,234
135,eyes,"[0, 1]",celeba_hq_00135,celeba_hq_01135,235
136,eyes,"[0, 1]",celeba_hq_00136,celeba_hq_01136,236
137,eyes,"[0, 1]",celeba_hq_00137,celeba_hq_01137,237
138,eyes,"[0, 1]",celeba_hq_00138,celeba_hq_01138,238
139,eyes,"[0, 1]",celeba_hq_00139,celeba_hq_01139,239
140,eyes,"[0, 1]",celeba_hq_00140,celeba_hq_01140,240
141,eyes,"[0, 1]",celeba_hq_00141,celeba_hq_01141,241
142,eyes,"[0, 1]",celeba_hq_00142,celeba_hq_01142,242
143,eyes,"[0, 1]",celeba_hq_00143,celeba_hq_01143,243
144,eyes,"[0, 1]",celeba_hq_00144,celeba_hq_01144,244
145,eyes,"[0, 1]",celeba_hq_00145,celeba_hq_01145,245
146,eyes,"[0, 1]",celeba_hq_00146,celeba_hq_01146,246
147,eyes,"[0, 1]",celeba_hq_00147,celeba_hq_01147,247
148,eyes,"[0, 1]",celeba_hq_00148,celeba_hq_01148,248
149,eyes,"[0, 1]",celeba_hq_00149,celeba_hq_01149,249
150,eyes,"[0, 1]",celeba_hq_00150,celeba_hq_01150,250
151,eyes,"[0, 1]",celeba_hq_00151,celeba_hq_01151,251
152,eyes,"[0, 1]",celeba_hq_00152,celeba_hq_01152,252
153,eyes,"[0, 1]",celeba_hq_00153,celeba_hq_01153,253
154,eyes,"[0, 1]",celeba_hq_00154,celeba_hq_01154,254
155,eyes,"[0, 1]",celeba_hq_00155,celeba_hq_01155,255
156,eyes,"[0, 1]",celeba_hq_00156,celeba_hq_01156,256
157,eyes,"[0, 1]",celeba_hq_00157,celeba_hq_01157,257
158,eyes,"[0, 1]",celeba_hq_00158,celeba_hq_01158,258
159,eyes,"[0, 1]",celeba_hq_00159,celeba_hq_01159,259
160,eyes,"[0, 1]",celeba_hq_00160,celeba_hq_01160,260
161,eyes,"[0, 1]",celeba_hq_00161,celeba_hq_01161,261
162,eyes,"[0, 1]",celeba_hq_00162,celeba_hq_01162,262
163,eyes,"[0, 1]",celeba_hq_00163,celeba_hq_01163,263
164,eyes,"[0, 1]",celeba_hq_00164,celeba_hq_01164,264
165,eyes,"[0, 1]",celeba_hq_00165,celeba_hq_01165,265
166,eyes,"[0, 1]",celeba_hq_00166,celeba_hq_01166,266
167,eyes,"[0, 1]",celeba_hq_00167,celeba_hq_01167,267
168,eyes,"[0, 1]",celeba_hq_00168,celeba_hq_01168,268
169,eyes,"[0, 1]",celeba_hq_00169,celeba_hq_01169,269
170,eyes,"[0, 1]",celeba_hq_00170,celeba_hq_01170,270
171,eyes,"[0, 1]",celeba_hq_00171,celeba_hq_01171,271
172,eyes,"[0, 1]",celeba_hq_00172,celeba_hq_01172,272
173,eyes,"[0, 1]",celeba_hq_00173,celeba_hq_01173,273
174,eyes,"[0, 1]",celeba_hq_00174,celeba_hq_01174,274
175,eyes,"[0, 1]",celeba_hq_00175,celeba_hq_01175,275
176,eyes,"[0, 1]",celeba_hq_00176,celeba_hq_01176,276
177,eyes,"[0, 1]",celeba_hq_00177,celeba_hq_01177,277
178,eyes,"[0, 1]",celeba_hq_00178,celeba_hq_01178,278
179,eyes,"[0, 1]",celeba_hq_00179,celeba_hq_01179,279
180,eyes,"[0, 1]",celeba_hq_00180,celeba_hq_01180,280
181,eyes,"[0, 1]",celeba_hq_00181,celeba_hq_01181,281
182,eyes,"[0, 1]",celeba_hq_00182,celeba_hq_01182,282
183,eyes,"[0, 1]",celeba_hq_00183,celeba_hq_01183,283
184,eyes,"[0, 1]",celeba_hq_00184,celeba_hq_01184,284
185,eyes,"[0, 1]",celeba_hq_00185,celeba_hq_01185,285
186,eyes,"[0, 1]",celeba_hq_00186,celeba_hq_01186,286
187,eyes,"[0, 1]",celeba_hq_00187,celeba_hq_01187,287
188,eyes,"[0, 1]",celeba_hq_00188,celeba_hq_01188,288
189,eyes,"[0, 1]",celeba_hq_00189,celeba_hq_01189,289
190,eyes,"[0, 1]",celeba_hq_00190,celeba_hq_01190,290
191,eyes,"[0, 1]",celeba_hq_00191,celeba_hq_01191,291
192,eyes,"[0, 1]",celeba_hq_00192,celeba_hq_01192,292
193,eyes,"[0, 1]",celeba_hq_00193,celeba_hq_01193,293
194,eyes,"[0, 1]",celeba_hq_00194,celeba_hq_01194,294
195,eyes,"[0, 1]",celeba_hq_00195,celeba_hq_01195,295
196,eyes,"[0, 1]",celeba_hq_00196,celeba_hq_01196,296
197,eyes,"[0, 1]",celeba_hq_00197,celeba_hq_01197,297
198,eyes,"[0, 1]",celeba_hq_00198,celeba_hq_01198,298
199,eyes,"[0, 1]",celeba_hq_00199,celeba_hq_01199,299
200,eyes,"[0, 1]",celeba_hq_00200,celeba_hq_01200,300
201,eyes,"[0, 1]",celeba_hq_00201,celeba_hq_01201,301
202,eyes,"[0, 1]",celeba_hq_00202,celeba_hq_01202,302
203,eyes,"[0, 1]",celeba_hq_00203,celeba_hq_01203,303
204,eyes,"[0, 1]",celeba_hq_00204,celeba_hq_01204,304
205,eyes,"[0, 1]",celeba_hq_00205,celeba_hq_01205,305
206,eyes,"[0, 1]",celeba_hq_00206,celeba_hq_01206,306
207,eyes,"[0, 1]",celeba_hq_00207,celeba_hq_01207,307
208,eyes,"[0, 1]",celeba_hq_00208,celeba_hq_01208,308
209,eyes,"[0, 1]",celeba_hq_00209,celeba_hq_01209,309
210,eyes,"[0, 1]",celeba_hq_00210,celeba_hq_01210,310
211,eyes,"[0, 1]",celeba_hq_00211,celeba_hq_01211,311
212,eyes,"[0, 1]",celeba_hq_00212,celeba_hq_01212,312
213,eyes,"[0, 1]",celeba_hq_00213,celeba_hq_01213,313
214,eyes,"[0, 1]",celeba_hq_00214,celeba_hq_01214,314
215,eyes,"[0, 1]",celeba_hq_00215,celeba_hq_01215,315
216,eyes,"[0, 1]",celeba_hq_00216,celeba_hq_01216,316
217,eyes,"[0, 1]",celeba_hq_00217,celeba_hq_01217,317
218,eyes,"[0, 1]",celeba_hq_00218,celeba_hq_01218,318
219,eyes,"[0, 1]",celeba_hq_00219,celeba_hq_01219,319
220,eyes,"[0, 1]",celeba_hq_00220,celeba_hq_01220,320
221,eyes,"[0, 1]",celeba_hq_00221,celeba_hq_01221,321
222,eyes,"[0, 1]",celeba_hq_00222,celeba_hq_01222,322
223,eyes,"[0, 1]",celeba_hq_00223,celeba_hq_01223,323
224,eyes,"[0, 1]",celeba_hq_00224,celeba_hq_01224,324
225,eyes,"[0, 1]",celeba_hq_00225,celeba_hq_01225,325
226,eyes,"[0, 1]",celeba_hq_00226,celeba_hq_01226,326
227,eyes,"[0, 1]",celeba_hq_00227,celeba_hq_01227,327
228,eyes,"[0, 1]",celeba_hq_00228,celeba_hq_01228,328
229,eyes,"[0, 1]",celeba_hq_00229,celeba_hq_01229,329
230,eyes,"[0, 1]",celeba_hq_00230,celeba_hq_01230,330
231,eyes,"[0, 1]",celeba_hq_00231,celeba_hq_01231,331
232,eyes,"[0, 1]",celeba_hq_00232,celeba_hq_01232,332
233,eyes,"[0, 1]",celeba_hq_00233,celeba_hq_01233,333
234,eyes,"[0, 1]",celeba_hq_00234,celeba_hq_01234,334
235,eyes,"[0, 1]",celeba_hq_00235,celeba_hq_01235,335
236,eyes,"[0, 1]",celeba_hq_00236,celeba_hq_01236,336
237,eyes,"[0, 1]",celeba_hq_00237,celeba_hq_01237,337
238,eyes,"[0, 1]",celeba_hq_00238,celeba_hq_01238,338
239,eyes,"[0, 1]",celeba_hq_00239,celeba_hq_01239,339
240,eyes,"[0, 1]",celeba_hq_00240,celeba_hq_01240,340
241,eyes,"[0, 1]",celeba_hq_00241,celeba_hq_01241,341
242,eyes,"[0, 1]",celeba_hq_00242,celeba_hq_01242,342
243,eyes,"[0, 1]",celeba_hq_00243,celeba_hq_01243,343
244,eyes,"[0, 1]",celeba_hq_00244,celeba_hq_01244,344
245,eyes,"[0, 1]",celeba_hq_00245,celeba_hq_01245,345
246,eyes,"[0, 1]",celeba_hq_00246,celeba_hq_01246,346
247,eyes,"[0, 1]",celeba_hq_00247,celeba_hq_01247,347
248,eyes,"[0, 1]",celeba_hq_00248,celeba_hq_01248,348
249,eyes,"[0, 1]",celeba_hq_00249,celeba_hq_01249,349
250,eyes,"[0, 1]",celeba_hq_00250,celeba_hq_01250,350
251,eyes,"[0, 1]",celeba_hq_00251,celeba_hq_01251,351
252,eyes,"[0, 1]",celeba_hq_00252,celeba_hq_01252,352
253,eyes,"[0, 1]",celeba_hq_00253,celeba_hq_01253,353
254,eyes,"[0, 1]",celeba_hq_00254,celeba_hq_01254,354
255,eyes,"[0, 1]",celeba_hq_00255,celeba_hq_01255,355
256,eyes,"[0, 1]",celeba_hq_00256,celeba_hq_01256,356
257,eyes,"[0, 1]",celeba_hq_00257,celeba_hq_01257,357
258,eyes,"[0, 1]",celeba_hq_00258,celeba_hq_01258,358
259,eyes,"[0, 1]",celeba_hq_00259,celeba_hq_01259,359
260,eyes,"[0, 1]",celeba_hq_00260,celeba_hq_01260,360
261,eyes,"[0, 1]",celeba_hq_00261,celeba_hq_01261,361
262,eyes,"[0, 1]",celeba_hq_00262,celeba_hq_01262,362
263,eyes,"[0, 1]",celeba_hq_00263,celeba_hq_01263,363
264,eyes,"[0, 1]",celeba_hq_00264,celeba_hq_01264,364
265,eyes,"[0, 1]",celeba_hq_00265,celeba_hq_01265,365
266,eyes,"[0, 1]",celeba_hq_00266,celeba_hq_01266,366
267,eyes,"[0, 1]",celeba_hq_00267,celeba_hq_01267,367
268,eyes,"[0, 1]",celeba_hq_00268,celeba_hq_01268,368
269,eyes,"[0, 1]",celeba_hq_00269,celeba_hq_01269,369
270,eyes,"[0, 1]",celeba_hq_00270,celeba_hq_01270,370
271,eyes,"[0, 1]",celeba_hq_00271,celeba_hq_01271,371
272,eyes,"[0, 1]",celeba_hq_00272,celeba_hq_01272,372
273,eyes,"[0, 1]",celeba_hq_00273,celeba_hq_01273,373
274,eyes,"[0, 1]",celeba_hq_00274,celeba_hq_01274,374
275,eyes,"[0, 1]",celeba_hq_00275,celeba_hq_01275,375
276,eyes,"[0, 1]",celeba_hq_00276,celeba_hq_01276,376
277,eyes,"[0, 1]",celeba_hq_00277,celeba_hq_01277,377
278,eyes,"[0, 1]",celeba_hq_00278,celeba_hq_01278,378
279,eyes,"[0, 1]",celeba_hq_00279,celeba_hq_01279,379
280,eyes,"[0, 1]",celeba_hq_00280,celeba_hq_01280,380
281,eyes,"[0, 1]",celeba_hq_00281,celeba_hq_01281,381
282,eyes,"[0, 1]",celeba_hq_00282,celeba_hq_01282,382
283,eyes,"[0, 1]",celeba_hq_00283,celeba_hq_01283,383
284,eyes,"[0, 1]",celeba_hq_00284,celeba_hq_01284,384
285,eyes,"[0, 1]",celeba_hq_00285,celeba_hq_01285,385
286,eyes,"[0, 1]",celeba_hq_00286,celeba_hq_01286,386
287,eyes,"[0, 1]",celeba_hq_00287,celeba_hq_01287,387
288,eyes,"[0, 1]",celeba_hq_00288,celeba_hq_01288,388
289,eyes,"[0, 1]",celeba_hq_00289,celeba_hq_01289,389
290,eyes,"[0, 1]",celeba_hq_00290,celeba_hq_01290,390
291,eyes,"[0, 1]",celeba_hq_00291,celeba_hq_01291,391
292,eyes,"[0, 1]",celeba_hq_00292,celeba_hq_01292,392
293,eyes,"[0, 1]",celeba_hq_00293,celeba_hq_01293,393
294,eyes,"[0, 1]",celeba_hq_00294,celeba_hq_01294,394
295,eyes,"[0, 1]",celeba_hq_00295,celeba_hq_01295,395
296,eyes,"[0, 1]",celeba_hq_00296,celeba_hq_01296,396
297,eyes,"[0, 1]",celeba_hq_00297,celeba_hq_01297,397
298,eyes,"[0, 1]",celeba_hq_00298,celeba_hq_01298,398
299,eyes,"[0, 1]",celeba_hq_00299,celeba_hq_01299,399
300,eyes,"[0, 1]",celeba_hq_00300,celeba_hq_01300,400
301,eyes,"[0, 1]",celeba_hq_00301,celeba_hq_01301,401
302,eyes,"[0, 1]",celeba_hq_00302,celeba_hq_01302,402
303,eyes,"[0, 1]",celeba_hq_00303,celeba_hq_01303,403
304,eyes,"[0, 1]",celeba_hq_00304,celeba_hq_01304,404
305,eyes,"[0, 1]",celeba_hq_00305,celeba_hq_01305,405
306,eyes,"[0, 1]",celeba_hq_00306,celeba_hq_01306,406
307,eyes,"[0, 1]",celeba_hq_00307,celeba_hq_01307,407
308,eyes,"[0, 1]",celeba_hq_00308,celeba_hq_01308,408
309,eyes,"[0, 1]",celeba_hq_00309,celeba_hq_01309,409
310,eyes,"[0, 1]",celeba_hq_00310,celeba_hq_01310,410
311,eyes,"[0, 1]",celeba_hq_00311,celeba_hq_01311,411
312,eyes,"[0, 1]",celeba_hq_00312,celeba_hq_01312,412
313,eyes,"[0, 1]",celeba_hq_00313,celeba_hq_01313,413
314,eyes,"[0, 1]",celeba_hq_00314,celeba_hq_01314,414
315,eyes,"[0, 1]",celeba_hq_00315,celeba_hq_01315,415
316,eyes,"[0, 1]",celeba_hq_00316,celeba_hq_01316,416
317,eyes,"[0, 1]",celeba_hq_00317,celeba_hq_01317,417
318,eyes,"[0, 1]",celeba_hq_00318,celeba_hq_01318,418
319,eyes,"[0, 1]",celeba_hq_00319,celeba_hq_01319,419
320,eyes,"[0, 1]",celeba_hq_00320,celeba_hq_01320,420
321,eyes,"[0, 1]",celeba_hq_00321,celeba_hq_01321,421
322,eyes,"[0, 1]",celeba_hq_00322,celeba_hq_01322,422
323,eyes,"[0, 1]",celeba_hq_00323,celeba_hq_01323,423
324,eyes,"[0, 1]",celeba_hq_00324,celeba_hq_01324,424
325,eyes,"[0, 1]",celeba_hq_00325,celeba_hq_01325,425
326,eyes,"[0, 1]",celeba_hq_00326,celeba_hq_01326,426
327,eyes,"[0, 1]",celeba_hq_00327,celeba_hq_01327,427
328,eyes,"[0, 1]",celeba_hq_00328,celeba_hq_01328,428
329,eyes,"[0, 1]",celeba_hq_00329,celeba_hq_01329,429
330,eyes,"[0, 1]",celeba_hq_00330,celeba_hq_01330,430
331,eyes,"[0, 1]",celeba_hq_00331,celeba_hq_01331,431
332,eyes,"[0, 1]",celeba_hq_00332,celeba_hq_01332,432
333,eyes,"[0, 1]",celeba_hq_00333,celeba_hq_01333,433
334,eyes,"[0, 1]",celeba_hq_00334,celeba_hq_01334,434
335,eyes,"[0, 1]",celeba_hq_00335,celeba_hq_01335,435
336,eyes,"[0, 1]",celeba_hq_00336,celeba_hq_01336,436
337,eyes,"[0, 1]",celeba_hq_00337,celeba_hq_01337,437
338,eyes,"[0, 1]",celeba_hq_00338,celeba_hq_01338,438
339,eyes,"[0, 1]",celeba_hq_00339,celeba_hq_01339,439
340,eyes,"[0, 1]",celeba_hq_00340,celeba_hq_01340,440
341,eyes,"[0, 1]",celeba_hq_00341,celeba_hq_01341,441
342,eyes,"[0, 1]",celeba_hq_00342,celeba_hq_01342,442
343,eyes,"[0, 1]",celeba_hq_00343,celeba_hq_01343,443
344,eyes,"[0, 1]",celeba_hq_00344,celeba_hq_01344,444
345,eyes,"[0, 1]",celeba_hq_00345,celeba_hq_01345,445
346,eyes,"[0, 1]",celeba_hq_00346,celeba_hq_01346,446
347,eyes,"[0, 1]",celeba_hq_00347,celeba_hq_01347,447
348,eyes,"[0, 1]",celeba_hq_00348,celeba_hq_01348,448
349,eyes,"[0, 1]",celeba_hq_00349,celeba_hq_01349,449
350,eyes,"[0, 1]",celeba_hq_00350,celeba_hq_01350,450
351,eyes,"[0, 1]",celeba_hq_00351,celeba_hq_01351,451
352,eyes,"[0, 1]",celeba_hq_00352,celeba_hq_01352,452
353,eyes,"[0, 1]",celeba_hq_00353,celeba_hq_01353,453
354,eyes,"[0, 1]",celeba_hq_00354,celeba_hq_01354,454
355,eyes,"[0, 1]",celeba_hq_00355,celeba_hq_01355,455
356,eyes,"[0, 1]",celeba_hq_00356,celeba_hq_01356,456
357,eyes,"[0, 1]",celeba_hq_00357,celeba_hq_01357,457
358,eyes,"[0, 1]",celeba_hq_00358,celeba_hq_01358,458
359,eyes,"[0, 1]",celeba_hq_00359,celeba_hq_01359,459
360,eyes,"[0, 1]",celeba_hq_00360,celeba_hq_01360,460
361,eyes,"[0, 1]",celeba_hq_00361,celeba_hq_01361,461
362,eyes,"[0, 1]",celeba_hq_00362,celeba_hq_01362,462
363,eyes,"[0, 1]",celeba_hq_00363,celeba_hq_01363,463
364,eyes,"[0, 1]",celeba_hq_00364,celeba_hq_01364,464
365,eyes,"[0, 1]",celeba_hq_00365,celeba_hq_01365,465
366,eyes,"[0, 1]",celeba_hq_00366,celeba_hq_01366,466
367,eyes,"[0, 1]",celeba_hq_00367,celeba_hq_01367,467
368,eyes,"[0, 1]",celeba_hq_00368,celeba_hq_01368,468
369,eyes,"[0, 1]",celeba_hq_00369,celeba_hq_01369,469
370,eyes,"[0, 1]",celeba_hq_00370,celeba_hq_01370,470
371,eyes,"[0, 1]",celeba_hq_00371,celeba_hq_01371,471
372,eyes,"[0, 1]",celeba_hq_00372,celeba_hq_01372,472
373,eyes,"[0, 1]",celeba_hq_00373,celeba_hq_01373,473
374,eyes,"[0, 1]",celeba_hq_00374,celeba_hq_01374,474
375,eyes,"[0, 1]",celeba_hq_00375,celeba_hq_01375,475
376,eyes,"[0, 1]",celeba_hq_00376,celeba_hq_01376,476
377,eyes,"[0, 1]",celeba_hq_00377,celeba_hq_01377,477
378,eyes,"[0, 1]",celeba_hq_00378,celeba_hq_01378,478
379,eyes,"[0, 1]",celeba_hq_00379,celeba_hq_01379,479
380,eyes,"[0, 1]",celeba_hq_00380,celeba_hq_01380,480
381,eyes,"[0, 1]",celeba_hq_00381,celeba_hq_01381,481
382,eyes,"[0, 1]",celeba_hq_00382,celeba_hq_01382,482
383,eyes,"[0, 1]",celeba_hq_00383,celeba_hq_01383,483
384,eyes,"[0, 1]",celeba_hq_00384,celeba_hq_01384,484
385,eyes,"[0, 1]",celeba_hq_00385,celeba_hq_01385,485
386,eyes,"[0, 1]",celeba_hq_00386,celeba_hq_01386,486
387,eyes,"[0, 1]",celeba_hq_00387,celeba_hq_01387,487
388,eyes,"[0, 1]",celeba_hq_00388,celeba_hq_01388,488
389,eyes,"[0, 1]",celeba_hq_00389,celeba_hq_01389,489
390,eyes,"[0, 1]",celeba_hq_00390,celeba_hq_01390,490
391,eyes,"[0, 1]",celeba_hq_00391,celeba_hq_01391,491
392,eyes,"[0, 1]",celeba_hq_00392,celeba_hq_01392,492
393,eyes,"[0, 1]",celeba_hq_00393,celeba_hq_01393,493
394,eyes,"[0, 1]",celeba_hq_00394,celeba_hq_01394,494
395,eyes,"[0, 1]",celeba_hq_00395,celeba_hq_01395,495
396,eyes,"[0, 1]",celeba_hq_00396,celeba_hq_01396,496
397,eyes,"[0, 1]",celeba_hq_00397,celeba_hq_01397,497
398,eyes,"[0, 1]",celeba_hq_00398,celeba_hq_01398,498
399,eyes,"[0, 1]",celeba_hq_00399,celeba_hq_01399,499
400,eyes,"[0, 1]",celeba_hq_00400,celeba_hq_01400,500
401,eyes,"[0, 1]",celeba_hq_00401,celeba_hq_01401,501
402,eyes,"[0, 1]",celeba_hq_00402,celeba_hq_01402,502
403,eyes,"[0, 1]",celeba_hq_00403,celeba_hq_01403,503
404,eyes,"[0, 1]",celeba_hq_00404,celeba_hq_01404,504
405,eyes,"[0, 1]",celeba_hq_00405,celeba_hq_01405,505
406,eyes,"[0, 1]",celeba_hq_00406,celeba_hq_01406,506
407,eyes,"[0, 1]",celeba_hq_00407,celeba_hq_01407,507
408,eyes,"[0, 1]",celeba_hq_00408,celeba_hq_01408,508
409,eyes,"[0, 1]",celeba_hq_00409,celeba_hq_01409,509
410,eyes,"[0, 1]",celeba_hq_00410,celeba_hq_01410,510
411,eyes,"[0, 1]",celeba_hq_00411,celeba_hq_01411,511
412,eyes,"[0, 1]",celeba_hq_00412,celeba_hq_01412,512
413,eyes,"[0, 1]",celeba_hq_00413,celeba_hq_01413,513
414,eyes,"[0, 1]",celeba_hq_00414,celeba_hq_01414,514
415,eyes,"[0, 1]",celeba_hq_00415,celeba_hq_01415,515
416,eyes,"[0, 1]",celeba_hq_00416,celeba_hq_01416,516
417,eyes,"[0, 1]",celeba_hq_00417,celeba_hq_01417,517
418,eyes,"[0, 1]",celeba_hq_00418,celeba_hq_01418,518
419,eyes,"[0, 1]",celeba_hq_00419,celeba_hq_01419,519
420,eyes,"[0, 1]",celeba_hq_00420,celeba_hq_01420,520
421,eyes,"[0, 1]",celeba_hq_00421,celeba_hq_01421,521
422,eyes,"[0, 1]",celeba_hq_00422,celeba_hq_01422,522
423,eyes,"[0, 1]",celeba_hq_00423,celeba_hq_01423,523
424,eyes,"[0, 1]",celeba_hq_00424,celeba_hq_01424,524
425,eyes,"[0, 1]",celeba_hq_00425,celeba_hq_01425,525
426,eyes,"[0, 1]",celeba_hq_00426,celeba_hq_01426,526
427,eyes,"[0, 1]",celeba_hq_00427,celeba_hq_01427,527
428,eyes,"[0, 1]",celeba_hq_00428,celeba_hq_01428,528
429,eyes,"[0, 1]",celeba_hq_00429,celeba_hq_01429,529
430,eyes,"[0, 1]",celeba_hq_00430,celeba_hq_01430,530
431,eyes,"[0, 1]",celeba_hq_00431,celeba_hq_01431,531
432,eyes,"[0, 1]",celeba_hq_00432,celeba_hq_01432,532
433,eyes,"[0, 1]",celeba_hq_00433,celeba_hq_01433,533
434,eyes,"[0, 1]",celeba_hq_00434,celeba_hq_01434,534
435,eyes,"[0, 1]",celeba_hq_00435,celeba_hq_01435,535
436,eyes,"[0, 1]",celeba_hq_00436,celeba_hq_01436,536
437,eyes,"[0, 1]",celeba_hq_00437,celeba_hq_01437,537
438,eyes,"[0, 1]",celeba_hq_00438,celeba_hq_01438,538
439,eyes,"[0, 1]",celeba_hq_00439,celeba_hq_01439,539
440,eyes,"[0, 1]",celeba_hq_00440,celeba_hq_01440,540
441,eyes,"[0, 1]",celeba_hq_00441,celeba_hq_01441,541
442,eyes,"[0, 1]",celeba_hq_00442,celeba_hq_01442,542
443,eyes,"[0, 1]",celeba_hq_00443,celeba_hq_01443,543
444,eyes,"[0, 1]",celeba_hq_00444,celeba_hq_01444,544
445,eyes,"[0, 1]",celeba_hq_00445,celeba_hq_01445,545
446,eyes,"[0, 1]",celeba_hq_00446,celeba_hq_01446,546
447,eyes,"[0, 1]",celeba_hq_00447,celeba_hq_01447,547
448,eyes,"[0, 1]",celeba_hq_00448,celeba_hq_01448,548
449,eyes,"[0, 1]",celeba_hq_00449,celeba_hq_01449,549
450,eyes,"[0, 1]",celeba_hq_00450,celeba_hq_01450,550
451,eyes,"[0, 1]",celeba_hq_00451,celeba_hq_01451,551
452,eyes,"[0, 1]",celeba_hq_00452,celeba_hq_01452,552
453,eyes,"[0, 1]",celeba_hq_00453,celeba_hq_01453,553
454,eyes,"[0, 1]",celeba_hq_00454,celeba_hq_01454,554
455,eyes,"[0, 1]",celeba_hq_00455,celeba_hq_01455,555
456,eyes,"[0, 1]",celeba_hq_00456,celeba_hq_01456,556
457,eyes,"[0, 1]",celeba_hq_00457,celeba_hq_01457,557
458,eyes,"[0, 1]",celeba_hq_00458,celeba_hq_01458,558
459,eyes,"[0, 1]",celeba_hq_00459,celeba_hq_01459,559
460,eyes,"[0, 1]",celeba_hq_00460,celeba_hq_01460,560
461,eyes,"[0, 1]",celeba_hq_00461,celeba_hq_01461,561
462,eyes,"[0, 1]",celeba_hq_00462,celeba_hq_01462,562
463,eyes,"[0, 1]",celeba_hq_00463,celeba_hq_01463,563
464,eyes,"[0, 1]",celeba_hq_00464,celeba_hq_01464,564
465,eyes,"[0, 1]",celeba_hq_00465,celeba_hq_01465,565
466,eyes,"[0, 1]",celeba_hq_00466,celeba_hq_01466,566
467,eyes,"[0, 1]",celeba_hq_00467,celeba_hq_01467,567
468,eyes,"[0, 1]",celeba_hq_00468,celeba_hq_01468,568
469,eyes,"[0, 1]",celeba_hq_00469,celeba_hq_01469,569
470,eyes,"[0, 1]",celeba_hq_00470,celeba_hq_01470,570
471,eyes,"[0, 1]",celeba_hq_00471,celeba_hq_01471,571
472,eyes,"[0, 1]",celeba_hq_00472,celeba_hq_01472,572
473,eyes,"[0, 1]",celeba_hq_00473,celeba_hq_01473,573
474,eyes,"[0, 1]",celeba_hq_00474,celeba_hq_01474,574
475,eyes,"[0, 1]",celeba_hq_00475,celeba_hq_01475,575
476,eyes,"[0, 1]",celeba_hq_00476,celeba_hq_01476,576
477,eyes,"[0, 1]",celeba_hq_00477,celeba_hq_01477,577
478,eyes,"[0, 1]",celeba_hq_00478,celeba_hq_01478,578
479,eyes,"[0, 1]",celeba_hq_00479,celeba_hq_01479,579
480,eyes,"[0, 1]",celeba_hq_00480,celeba_hq_01480,580
481,eyes,"[0, 1]",celeba_hq_00481,celeba_hq_01481,581
482,eyes,"[0, 1]",celeba_hq_00482,celeba_hq_01482,582
483,eyes,"[0, 1]",celeba_hq_00483,celeba_hq_01483,583
484,eyes,"[0, 1]",celeba_hq_00484,celeba_hq_01484,584
485,eyes,"[0, 1]",celeba_hq_00485,celeba_hq_01485,585
486,eyes,"[0, 1]",celeba_hq_00486,celeba_hq_01486,586
487,eyes,"[0, 1]",celeba_hq_00487,celeba_hq_01487,587
488,eyes,"[0, 1]",celeba_hq_00488,celeba_hq_01488,588
489,eyes,"[0, 1]",celeba_hq_00489,celeba_hq_01489,589
490,eyes,"[0, 1]",celeba_hq_00490,celeba_hq_01490,590
491,eyes,"[0, 1]",celeba_hq_00491,celeba_hq_01491,591
492,eyes,"[0, 1]",celeba_hq_00492,celeba_hq_01492,592
493,eyes,"[0, 1]",celeba_hq_00493,celeba_hq_01493,593
494,eyes,"[0, 1]",celeba_hq_00494,celeba_hq_01494,594
495,eyes,"[0, 1]",celeba_hq_00495,celeba_hq_01495,595
496,eyes,"[0, 1]",celeba_hq_00496,celeba_hq_01496,596
497,eyes,"[0, 1]",celeba_hq_00497,celeba_hq_01497,597
498,eyes,"[0, 1]",celeba_hq_00498,celeba_hq_01498,598
499,eyes,"[0, 1]",celeba_hq_00499,celeba_hq_01499,599
500,eyes,"[0, 1]",celeba_hq_00500,celeba_hq_01500,600
501,eyes,"[0, 1]",celeba_hq_00501,celeba_hq_01501,601
502,eyes,"[0, 1]",celeba_hq_00502,celeba_hq_01502,602
503,eyes,"[0, 1]",celeba_hq_00503,celeba_hq_01503,603
504,eyes,"[0, 1]",celeba_hq_00504,celeba_hq_01504,604
505,eyes,"[0, 1]",celeba_hq_00505,celeba_hq_01505,605
506,eyes,"[0, 1]",celeba_hq_00506,celeba_hq_01506,606
507,eyes,"[0, 1]",celeba_hq_00507,celeba_hq_01507,607
508,eyes,"[0, 1]",celeba_hq_00508,celeba_hq_01508,608
509,eyes,"[0, 1]",celeba_hq_00509,celeba_hq_01509,609
510,eyes,"[0, 1]",celeba_hq_00510,celeba_hq_01510,610
511,eyes,"[0, 1]",celeba_hq_00511,celeba_hq_01511,611
512,eyes,"[0, 1]",celeba_hq_00512,celeba_hq_01512,612
513,eyes,"[0, 1]",celeba_hq_00513,celeba_hq_01513,613
514,eyes,"[0, 1]",celeba_hq_00514,celeba_hq_01514,614
515,eyes,"[0, 1]",celeba_hq_00515,celeba_hq_01515,615
516,eyes,"[0, 1]",celeba_hq_00516,celeba_hq_01516,616
517,eyes,"[0, 1]",celeba_hq_00517,celeba_hq_01517,617
518,eyes,"[0, 1]",celeba_hq_00518,celeba_hq_01518,618
519,eyes,"[0, 1]",celeba_hq_00519,celeba_hq_01519,619
520,eyes,"[0, 1]",celeba_hq_00520,celeba_hq_01520,620
521,eyes,"[0, 1]",celeba_hq_00521,celeba_hq_01521,621
522,eyes,"[0, 1]",celeba_hq_00522,celeba_hq_01522,622
523,eyes,"[0, 1]",celeba_hq_00523,celeba_hq_01523,623
524,eyes,"[0, 1]",celeba_hq_00524,celeba_hq_01524,624
525,eyes,"[0, 1]",celeba_hq_00525,celeba_hq_01525,625
526,eyes,"[0, 1]",celeba_hq_00526,celeba_hq_01526,626
527,eyes,"[0, 1]",celeba_hq_00527,celeba_hq_01527,627
528,eyes,"[0, 1]",celeba_hq_00528,celeba_hq_01528,628
529,eyes,"[0, 1]",celeba_hq_00529,celeba_hq_01529,629
530,eyes,"[0, 1]",celeba_hq_00530,celeba_hq_01530,630
531,eyes,"[0, 1]",celeba_hq_00531,celeba_hq_01531,631
532,eyes,"[0, 1]",celeba_hq_00532,celeba_hq_01532,632
533,eyes,"[0, 1]",celeba_hq_00533,celeba_hq_01533,633
534,eyes,"[0, 1]",celeba_hq_00534,celeba_hq_01534,634
535,eyes,"[0, 1]",celeba_hq_00535,celeba_hq_01535,635
536,eyes,"[0, 1]",celeba_hq_00536,celeba_hq_01536,636
537,eyes,"[0, 1]",celeba_hq_00537,celeba_hq_01537,637
538,eyes,"[0, 1]",celeba_hq_00538,celeba_hq_01538,638
539,eyes,"[0, 1]",celeba_hq_00539,celeba_hq_01539,639
540,eyes,"[0, 1]",celeba_hq_00540,celeba_hq_01540,640
541,eyes,"[0, 1]",celeba_hq_00541,celeba_hq_01541,641
542,eyes,"[0, 1]",celeba_hq_00542,celeba_hq_01542,642
543,eyes,"[0, 1]",celeba_hq_00543,celeba_hq_01543,643
544,eyes,"[0, 1]",celeba_hq_00544,celeba_hq_01544,644
545,eyes,"[0, 1]",celeba_hq_00545,celeba_hq_01545,645
546,eyes,"[0, 1]",celeba_hq_00546,celeba_hq_01546,646
547,eyes,"[0, 1]",celeba_hq_00547,celeba_hq_01547,647
548,eyes,"[0, 1]",celeba_hq_00548,celeba_hq_01548,648
549,eyes,"[0, 1]",celeba_hq_00549,celeba_hq_01549,649
550,eyes,"[0, 1]",celeba_hq_00550,celeba_hq_01550,650
551,eyes,"[0, 1]",celeba_hq_00551,celeba_hq_01551,651
552,eyes,"[0, 1]",celeba_hq_00552,celeba_hq_01552,652
553,eyes,"[0, 1]",celeba_hq_00553,celeba_hq_01553,653
554,eyes,"[0, 1]",celeba_hq_00554,celeba_hq_01554,654
555,eyes,"[0, 1]",celeba_hq_00555,celeba_hq_01555,655
556,eyes,"[0, 1]",celeba_hq_00556,celeba_hq_01556,656
557,eyes,"[0, 1]",celeba_hq_00557,celeba_hq_01557,657
558,eyes,"[0, 1]",celeba_hq_00558,celeba_hq_01558,658
559,eyes,"[0, 1]",celeba_hq_00559,celeba_hq_01559,659
560,eyes,"[0, 1]",celeba_hq_00560,celeba_hq_01560,660
561,eyes,"[0, 1]",celeba_hq_00561,celeba_hq_01561,661
562,eyes,"[0, 1]",celeba_hq_00562,celeba_hq_01562,662
563,eyes,"[0, 1]",celeba_hq_00563,celeba_hq_01563,663
564,eyes,"[0, 1]",celeba_hq_00564,celeba_hq_01564,664
565,eyes,"[0, 1]",celeba_hq_00565,celeba_hq_01565,665
566,eyes,"[0, 1]",celeba_hq_00566,celeba_hq_01566,666
567,eyes,"[0, 1]",celeba_hq_00567,celeba_hq_01567,667
568,eyes,"[0, 1]",celeba_hq_00568,celeba_hq_01568,668
569,eyes,"[0, 1]",celeba_hq_00569,celeba_hq_01569,669
570,eyes,"[0, 1]",celeba_hq_00570,celeba_hq_01570,670
571,eyes,"[0, 1]",celeba_hq_00571,celeba_hq_01571,671
572,eyes,"[0, 1]",celeba_hq_00572,celeba_hq_01572,672
573,eyes,"[0, 1]",celeba_hq_00573,celeba_hq_01573,673
574,eyes,"[0, 1]",celeba_hq_00574,celeba_hq_01574,674
575,eyes,"[0, 1]",celeba_hq_00575,celeba_hq_01575,675
576,eyes,"[0, 1]",celeba_hq_00576,celeba_hq_01576,676
577,eyes,"[0, 1]",celeba_hq_00577,celeba_hq_01577,677
578,eyes,"[0, 1]",celeba_hq_00578,celeba_hq_01578,678
579,eyes,"[0, 1]",celeba_hq_00579,celeba_hq_01579,679
580,eyes,"[0, 1]",celeba_hq_00580,celeba_hq_01580,680
581,eyes,"[0, 1]",celeba_hq_00581,celeba_hq_01581,681
582,eyes,"[0, 1]",celeba_hq_00582,celeba_hq_01582,682
583,eyes,"[0, 1]",celeba_hq_00583,celeba_hq_01583,683
584,eyes,"[0, 1]",celeba_hq_00584,celeba_hq_01584,684
585,eyes,"[0, 1]",celeba_hq_00585,celeba_hq_01585,685
586,eyes,"[0, 1]",celeba_hq_00586,celeba_hq_01586,686
587,eyes,"[0, 1]",celeba_hq_00587,celeba_hq_01587,687
588,eyes,"[0, 1]",celeba_hq_00588,celeba_hq_01588,688
589,eyes,"[0, 1]",celeba_hq_00589,celeba_hq_01589,689
590,eyes,"[0, 1]",celeba_hq_00590,celeba_hq_01590,690
591,eyes,"[0, 1]",celeba_hq_00591,celeba_hq_01591,691
592,eyes,"[0, 1]",celeba_hq_00592,celeba_hq_01592,692
593,eyes,"[0, 1]",celeba_hq_00593,celeba_hq_01593,693
594,eyes,"[0, 1]",celeba_hq_00594,celeba_hq_01594,694
595,eyes,"[0, 1]",celeba_hq_00595,celeba_hq_01595,695
596,eyes,"[0, 1]",celeba_hq_00596,celeba_hq_01596,696
597,eyes,"[0, 1]",celeba_hq_00597,celeba_hq_01597,697
598,eyes,"[0, 1]",celeba_hq_00598,celeba_hq_01598,698
599,eyes,"[0, 1]",celeba_hq_00599,celeba_hq_01599,699
600,eyes,"[0, 1]",celeba_hq_00600,celeba_hq_01600,700
601,eyes,"[0, 1]",celeba_hq_00601,celeba_hq_01601,701
602,eyes,"[0, 1]",celeba_hq_00602,celeba_hq_01602,702
603,eyes,"[0, 1]",celeba_hq_00603,celeba_hq_01603,703
604,eyes,"[0, 1]",celeba_hq_00604,celeba_hq_01604,704
605,eyes,"[0, 1]",celeba_hq_00605,celeba_hq_01605,705
606,eyes,"[0, 1]",celeba_hq_00606,celeba_hq_01606,706
607,eyes,"[0, 1]",celeba_hq_00607,celeba_hq_01607,707
608,eyes,"[0, 1]",celeba_hq_00608,celeba_hq_01608,708
609,eyes,"[0, 1]",celeba_hq_00609,celeba_hq_01609,709
610,eyes,"[0, 1]",celeba_hq_00610,celeba_hq_01610,710
611,eyes,"[0, 1]",celeba_hq_00611,celeba_hq_01611,711
612,eyes,"[0, 1]",celeba_hq_00612,celeba_hq_01612,712
613,eyes,"[0, 1]",celeba_hq_00613,celeba_hq_01613,713
614,eyes,"[0, 1]",celeba_hq_00614,celeba_hq_01614,714
615,eyes,"[0, 1]",celeba_hq_00615,celeba_hq_01615,715
616,eyes,"[0, 1]",celeba_hq_00616,celeba_hq_01616,716
617,eyes,"[0, 1]",celeba_hq_00617,celeba_hq_01617,717
618,eyes,"[0, 1]",celeba_hq_00618,celeba_hq_01618,718
619,eyes,"[0, 1]",celeba_hq_00619,celeba_hq_01619,719
620,eyes,"[0, 1]",celeba_hq_00620,celeba_hq_01620,720
621,eyes,"[0, 1]",celeba_hq_00621,celeba_hq_01621,721
622,eyes,"[0, 1]",celeba_hq_00622,celeba_hq_01622,722
623,eyes,"[0, 1]",celeba_hq_00623,celeba_hq_01623,723
624,eyes,"[0, 1]",celeba_hq_00624,celeba_hq_01624,724
625,eyes,"[0, 1]",celeba_hq_00625,celeba_hq_01625,725
626,eyes,"[0, 1]",celeba_hq_00626,celeba_hq_01626,726
627,eyes,"[0, 1]",celeba_hq_00627,celeba_hq_01627,727
628,eyes,"[0, 1]",celeba_hq_00628,celeba_hq_01628,728
629,eyes,"[0, 1]",celeba_hq_00629,celeba_hq_01629,729
630,eyes,"[0, 1]",celeba_hq_00630,celeba_hq_01630,730
631,eyes,"[0, 1]",celeba_hq_00631,celeba_hq_01631,731
632,eyes,"[0, 1]",celeba_hq_00632,celeba_hq_01632,732
633,eyes,"[0, 1]",celeba_hq_00633,celeba_hq_01633,733
634,eyes,"[0, 1]",celeba_hq_00634,celeba_hq_01634,734
635,eyes,"[0, 1]",celeba_hq_00635,celeba_hq_01635,735
636,eyes,"[0, 1]",celeba_hq_00636,celeba_hq_01636,736
637,eyes,"[0, 1]",celeba_hq_00637,celeba_hq_01637,737
638,eyes,"[0, 1]",celeba_hq_00638,celeba_hq_01638,738
639,eyes,"[0, 1]",celeba_hq_00639,celeba_hq_01639,739
640,eyes,"[0, 1]",celeba_hq_00640,celeba_hq_01640,740
641,eyes,"[0, 1]",celeba_hq_00641,celeba_hq_01641,741
642,eyes,"[0, 1]",celeba_hq_00642,celeba_hq_01642,742
643,eyes,"[0, 1]",celeba_hq_00643,celeba_hq_01643,743
644,eyes,"[0, 1]",celeba_hq_00644,celeba_hq_01644,744
645,eyes,"[0, 1]",celeba_hq_00645,celeba_hq_01645,745
646,eyes,"[0, 1]",celeba_hq_00646,celeba_hq_01646,746
647,eyes,"[0, 1]",celeba_hq_00647,celeba_hq_01647,747
648,eyes,"[0, 1]",celeba_hq_00648,celeba_hq_01648,748
649,eyes,"[0, 1]",celeba_hq_00649,celeba_hq_01649,749
650,eyes,"[0, 1]",celeba_hq_00650,celeba_hq_01650,750
651,eyes,"[0, 1]",celeba_hq_00651,celeba_hq_01651,751
652,eyes,"[0, 1]",celeba_hq_00652,celeba_hq_01652,752
653,eyes,"[0, 1]",celeba_hq_00653,celeba_hq_01653,753
654,eyes,"[0, 1]",celeba_hq_00654,celeba_hq_01654,754
655,eyes,"[0, 1]",celeba_hq_00655,celeba_hq_01655,755
656,eyes,"[0, 1]",celeba_hq_00656,celeba_hq_01656,756
657,eyes,"[0, 1]",celeba_hq_00657,celeba_hq_01657,757
658,eyes,"[0, 1]",celeba_hq_00658,celeba_hq_01658,758
659,eyes,"[0, 1]",celeba_hq_00659,celeba_hq_01659,759
660,eyes,"[0, 1]",celeba_hq_00660,celeba_hq_01660,760
661,eyes,"[0, 1]",celeba_hq_00661,celeba_hq_01661,761
662,eyes,"[0, 1]",celeba_hq_00662,celeba_hq_01662,762
663,eyes,"[0, 1]",celeba_hq_00663,celeba_hq_01663,763
664,eyes,"[0, 1]",celeba_hq_00664,celeba_hq_01664,764
665,eyes,"[0, 1]",celeba_hq_00665,celeba_hq_01665,765
666,eyes,"[0, 1]",celeba_hq_00666,celeba_hq_01666,766
667,eyes,"[0, 1]",celeba_hq_00667,celeba_hq_01667,767
668,eyes,"[0, 1]",celeba_hq_00668,celeba_hq_01668,768
669,eyes,"[0, 1]",celeba_hq_00669,celeba_hq_01669,769
670,eyes,"[0, 1]",celeba_hq_00670,celeba_hq_01670,770
671,eyes,"[0, 1]",celeba_hq_00671,celeba_hq_01671,771
672,eyes,"[0, 1]",celeba_hq_00672,celeba_hq_01672,772
673,eyes,"[0, 1]",celeba_hq_00673,celeba_hq_01673,773
674,eyes,"[0, 1]",celeba_hq_00674,celeba_hq_01674,774
675,eyes,"[0, 1]",celeba_hq_00675,celeba_hq_01675,775
676,eyes,"[0, 1]",celeba_hq_00676,celeba_hq_01676,776
677,eyes,"[0, 1]",celeba_hq_00677,celeba_hq_01677,777
678,eyes,"[0, 1]",celeba_hq_00678,celeba_hq_01678,778
679,eyes,"[0, 1]",celeba_hq_00679,celeba_hq_01679,779
680,eyes,"[0, 1]",celeba_hq_00680,celeba_hq_01680,780
681,eyes,"[0, 1]",celeba_hq_00681,celeba_hq_01681,781
682,eyes,"[0, 1]",celeba_hq_00682,celeba_hq_01682,782
683,eyes,"[0, 1]",celeba_hq_00683,celeba_hq_01683,783
684,eyes,"[0, 1]",celeba_hq_00684,celeba_hq_01684,784
685,eyes,"[0, 1]",celeba_hq_00685,celeba_hq_01685,785
686,eyes,"[0, 1]",celeba_hq_00686,celeba_hq_01686,786
687,eyes,"[0, 1]",celeba_hq_00687,celeba_hq_01687,787
688,eyes,"[0, 1]",celeba_hq_00688,celeba_hq_01688,788
689,eyes,"[0, 1]",celeba_hq_00689,celeba_hq_01689,789
690,eyes,"[0, 1]",celeba_hq_00690,celeba_hq_01690,790
691,eyes,"[0, 1]",celeba_hq_00691,celeba_hq_01691,791
692,eyes,"[0, 1]",celeba_hq_00692,celeba_hq_01692,792
693,eyes,"[0, 1]",celeba_hq_00693,celeba_hq_01693,793
694,eyes,"[0, 1]",celeba_hq_00694,celeba_hq_01694,794
695,eyes,"[0, 1]",celeba_hq_00695,celeba_hq_01695,795
696,eyes,"[0, 1]",celeba_hq_00696,celeba_hq_01696,796
697,eyes,"[0, 1]",celeba_hq_00697,celeba_hq_01697,797
698,eyes,"[0, 1]",celeba_hq_00698,celeba_hq_01698,798
699,eyes,"[0, 1]",celeba_hq_00699,celeba_hq_01699,799
700,eyes,"[0, 1]",celeba_hq_00700,celeba_hq_01700,800
701,eyes,"[0, 1]",celeba_hq_00701,celeba_hq_01701,801
702,eyes,"[0, 1]",celeba_hq_00702,celeba_hq_01702,802
703,eyes,"[0, 1]",celeba_hq_00703,celeba_hq_01703,803
704,eyes,"[0, 1]",celeba_hq_00704,celeba_hq_01704,804
705,eyes,"[0, 1]",celeba_hq_00705,celeba_hq_01705,805
706,eyes,"[0, 1]",celeba_hq_00706,celeba_hq_01706,806
707,eyes,"[0, 1]",celeba_hq_00707,celeba_hq_01707,807
708,eyes,"[0, 1]",celeba_hq_00708,celeba_hq_01708,808
709,eyes,"[0, 1]",celeba_hq_00709,celeba_hq_01709,809
710,eyes,"[0, 1]",celeba_hq_00710,celeba_hq_01710,810
711,eyes,"[0, 1]",celeba_hq_00711,celeba_hq_01711,811
712,eyes,"[0, 1]",celeba_hq_00712,celeba_hq_01712,812
713,eyes,"[0, 1]",celeba_hq_00713,celeba_hq_01713,813
714,eyes,"[0, 1]",celeba_hq_00714,celeba_hq_01714,814
715,eyes,"[0, 1]",celeba_hq_00715,celeba_hq_01715,815
716,eyes,"[0, 1]",celeba_hq_00716,celeba_hq_01716,816
717,eyes,"[0, 1]",celeba_hq_00717,celeba_hq_01717,817
718,eyes,"[0, 1]",celeba_hq_00718,celeba_hq_01718,818
719,eyes,"[0, 1]",celeba_hq_00719,celeba_hq_01719,819
720,eyes,"[0, 1]",celeba_hq_00720,celeba_hq_01720,820
721,eyes,"[0, 1]",celeba_hq_00721,celeba_hq_01721,821
722,eyes,"[0, 1]",celeba_hq_00722,celeba_hq_01722,822
723,eyes,"[0, 1]",celeba_hq_00723,celeba_hq_01723,823
724,eyes,"[0, 1]",celeba_hq_00724,celeba_hq_01724,824
725,eyes,"[0, 1]",celeba_hq_00725,celeba_hq_01725,825
726,eyes,"[0, 1]",celeba_hq_00726,celeba_hq_01726,826
727,eyes,"[0, 1]",celeba_hq_00727,celeba_hq_01727,827
728,eyes,"[0, 1]",celeba_hq_00728,celeba_hq_01728,828
729,eyes,"[0, 1]",celeba_hq_00729,celeba_hq_01729,829
730,eyes,"[0, 1]",celeba_hq_00730,celeba_hq_01730,830
731,eyes,"[0, 1]",celeba_hq_00731,celeba_hq_01731,831
732,eyes,"[0, 1]",celeba_hq_00732,celeba_hq_01732,832
733,eyes,"[0, 1]",celeba_hq_00733,celeba_hq_01733,833
734,eyes,"[0, 1]",celeba_hq_00734,celeba_hq_01734,834
735,eyes,"[0, 1]",celeba_hq_00735,celeba_hq_01735,835
736,eyes,"[0, 1]",celeba_hq_00736,celeba_hq_01736,836
737,eyes,"[0, 1]",celeba_hq_00737,celeba_hq_01737,837
738,eyes,"[0, 1]",celeba_hq_00738,celeba_hq_01738,838
739,eyes,"[0, 1]",celeba_hq_00739,celeba_hq_01739,839
740,eyes,"[0, 1]",celeba_hq_00740,celeba_hq_01740,840
741,eyes,"[0, 1]",celeba_hq_00741,celeba_hq_01741,841
742,eyes,"[0, 1]",celeba_hq_00742,celeba_hq_01742,842
743,eyes,"[0, 1]",celeba_hq_00743,celeba_hq_01743,843
744,eyes,"[0, 1]",celeba_hq_00744,celeba_hq_01744,844
745,eyes,"[0, 1]",celeba_hq_00745,celeba_hq_01745,845
746,eyes,"[0, 1]",celeba_hq_00746,celeba_hq_01746,846
747,eyes,"[0, 1]",celeba_hq_00747,celeba_hq_01747,847
748,eyes,"[0, 1]",celeba_hq_00748,celeba_hq_01748,848
749,eyes,"[0, 1]",celeba_hq_00749,celeba_hq_01749,849
750,eyes,"[0, 1]",celeba_hq_00750,celeba_hq_01750,850
751,eyes,"[0, 1]",celeba_hq_00751,celeba_hq_01751,851
752,eyes,"[0, 1]",celeba_hq_00752,celeba_hq_01752,852
753,eyes,"[0, 1]",celeba_hq_00753,celeba_hq_01753,853
754,eyes,"[0, 1]",celeba_hq_00754,celeba_hq_01754,854
755,eyes,"[0, 1]",celeba_hq_00755,celeba_hq_01755,855
756,eyes,"[0, 1]",celeba_hq_00756,celeba_hq_01756,856
757,eyes,"[0, 1]",celeba_hq_00757,celeba_hq_01757,857
758,eyes,"[0, 1]",celeba_hq_00758,celeba_hq_01758,858
759,eyes,"[0, 1]",celeba_hq_00759,celeba_hq_01759,859
760,eyes,"[0, 1]",celeba_hq_00760,celeba_hq_01760,860
761,eyes,"[0, 1]",celeba_hq_00761,celeba_hq_01761,861
762,eyes,"[0, 1]",celeba_hq_00762,celeba_hq_01762,862
763,eyes,"[0, 1]",celeba_hq_00763,celeba_hq_01763,863
764,eyes,"[0, 1]",celeba_hq_00764,celeba_hq_01764,864
765,eyes,"[0, 1]",celeba_hq_00765,celeba_hq_01765,865
766,eyes,"[0, 1]",celeba_hq_00766,celeba_hq_01766,866
767,eyes,"[0, 1]",celeba_hq_00767,celeba_hq_01767,867
768,eyes,"[0, 1]",celeba_hq_00768,celeba_hq_01768,868
769,eyes,"[0, 1]",celeba_hq_00769,celeba_hq_01769,869
770,eyes,"[0, 1]",celeba_hq_00770,celeba_hq_01770,870
771,eyes,"[0, 1]",celeba_hq_00771,celeba_hq_01771,871
772,eyes,"[0, 1]",celeba_hq_00772,celeba_hq_01772,872
773,eyes,"[0, 1]",celeba_hq_00773,celeba_hq_01773,873
774,eyes,"[0, 1]",celeba_hq_00774,celeba_hq_01774,874
775,eyes,"[0, 1]",celeba_hq_00775,celeba_hq_01775,875
776,eyes,"[0, 1]",celeba_hq_00776,celeba_hq_01776,876
777,eyes,"[0, 1]",celeba_hq_00777,celeba_hq_01777,877
778,eyes,"[0, 1]",celeba_hq_00778,celeba_hq_01778,878
779,eyes,"[0, 1]",celeba_hq_00779,celeba_hq_01779,879
780,eyes,"[0, 1]",celeba_hq_00780,celeba_hq_01780,880
781,eyes,"[0, 1]",celeba_hq_00781,celeba_hq_01781,881
782,eyes,"[0, 1]",celeba_hq_00782,celeba_hq_01782,882
783,eyes,"[0, 1]",celeba_hq_00783,celeba_hq_01783,883
784,eyes,"[0, 1]",celeba_hq_00784,celeba_hq_01784,884
785,eyes,"[0, 1]",celeba_hq_00785,celeba_hq_01785,885
786,eyes,"[0, 1]",celeba_hq_00786,celeba_hq_01786,886
787,eyes,"[0, 1]",celeba_hq_00787,celeba_hq_01787,887
788,eyes,"[0, 1]",celeba_hq_00788,celeba_hq_01788,888
789,eyes,"[0, 1]",celeba_hq_00789,celeba_hq_01789,889
790,eyes,"[0, 1]",celeba_hq_00790,celeba_hq_01790,890
791,eyes,"[0, 1]",celeba_hq_00791,celeba_hq_01791,891
792,eyes,"[0, 1]",celeba_hq_00792,celeba_hq_01792,892
793,eyes,"[0, 1]",celeba_hq_00793,celeba_hq_01793,893
794,eyes,"[0, 1]",celeba_hq_00794,celeba_hq_01794,894
795,eyes,"[0, 1]",celeba_hq_00795,celeba_hq_01795,895
796,eyes,"[0, 1]",celeba_hq_00796,celeba_hq_01796,896
797,eyes,"[0, 1]",celeba_hq_00797,celeba_hq_01797,897
798,eyes,"[0, 1]",celeba_hq_00798,celeba_hq_01798,898
799,eyes,"[0, 1]",celeba_hq_00799,celeba_hq_01799,899
800,eyes,"[0, 1]",celeba_hq_00800,celeba_hq_01800,900
801,eyes,"[0, 1]",celeba_hq_00801,celeba_hq_01801,901
802,eyes,"[0, 1]",celeba_hq_00802,celeba_hq_01802,902
803,eyes,"[0, 1]",celeba_hq_00803,celeba_hq_01803,903
804,eyes,"[0, 1]",celeba_hq_00804,celeba_hq_01804,904
805,eyes,"[0, 1]",celeba_hq_00805,celeba_hq_01805,905
806,eyes,"[0, 1]",celeba_hq_00806,celeba_hq_01806,906
807,eyes,"[0, 1]",celeba_hq_00807,celeba_hq_01807,907
808,eyes,"[0, 1]",celeba_hq_00808,celeba_hq_01808,908
809,eyes,"[0, 1]",celeba_hq_00809,celeba_hq_01809,909
810,eyes,"[0, 1]",celeba_hq_00810,celeba_hq_01810,910
811,eyes,"[0, 1]",celeba_hq_00811,celeba_hq_01811,911
812,eyes,"[0, 1]",celeba_hq_00812,celeba_hq_01812,912
813,eyes,"[0, 1]",celeba_hq_00813,celeba_hq_01813,913
814,eyes,"[0, 1]",celeba_hq_00814,celeba_hq_01814,914
815,eyes,"[0, 1]",celeba_hq_00815,celeba_hq_01815,915
816,eyes,"[0, 1]",celeba_hq_00816,celeba_hq_01816,916
817,eyes,"[0, 1]",celeba_hq_00817,celeba_hq_01817,917
818,eyes,"[0, 1]",celeba_hq_00818,celeba_hq_01818,918
819,eyes,"[0, 1]",celeba_hq_00819,celeba_hq_01819,919
820,eyes,"[0, 1]",celeba_hq_00820,celeba_hq_01820,920
821,eyes,"[0, 1]",celeba_hq_00821,celeba_hq_01821,921
822,eyes,"[0, 1]",celeba_hq_00822,celeba_hq_01822,922
823,eyes,"[0, 1]",celeba_hq_00823,celeba_hq_01823,923
824,eyes,"[0, 1]",celeba_hq_00824,celeba_hq_01824,924
825,eyes,"[0, 1]",celeba_hq_00825,celeba_hq_01825,925
826,eyes,"[0, 1]",celeba_hq_00826,celeba_hq_01826,926
827,eyes,"[0, 1]",celeba_hq_00827,celeba_hq_01827,927
828,eyes,"[0, 1]",celeba_hq_00828,celeba_hq_01828,928
829,eyes,"[0, 1]",celeba_hq_00829,celeba_hq_01829,929
830,eyes,"[0, 1]",celeba_hq_00830,celeba_hq_01830,930
831,eyes,"[0, 1]",celeba_hq_00831,celeba_hq_01831,931
832,eyes,"[0, 1]",celeba_hq_00832,celeba_hq_01832,932
833,eyes,"[0, 1]",celeba_hq_00833,celeba_hq_01833,933
834,eyes,"[0, 1]",celeba_hq_00834,celeba_hq_01834,934
835,eyes,"[0, 1]",celeba_hq_00835,celeba_hq_01835,935
836,eyes,"[0, 1]",celeba_hq_00836,celeba_hq_01836,936
837,eyes,"[0, 1]",celeba_hq_00837,celeba_hq_01837,937
838,eyes,"[0, 1]",celeba_hq_00838,celeba_hq_01838,938
839,eyes,"[0, 1]",celeba_hq_00839,celeba_hq_01839,939
840,eyes,"[0, 1]",celeba_hq_00840,celeba_hq_01840,940
841,eyes,"[0, 1]",celeba_hq_00841,celeba_hq_01841,941
842,eyes,"[0, 1]",celeba_hq_00842,celeba_hq_01842,942
843,eyes,"[0, 1]",celeba_hq_00843,celeba_hq_01843,943
844,eyes,"[0, 1]",celeba_hq_00844,celeba_hq_01844,944
845,eyes,"[0, 1]",celeba_hq_00845,celeba_hq_01845,945
846,eyes,"[0, 1]",celeba_hq_00846,celeba_hq_01846,946
847,eyes,"[0, 1]",celeba_hq_00847,celeba_hq_01847,947
848,eyes,"[0, 1]",celeba_hq_00848,celeba_hq_01848,948
849,eyes,"[0, 1]",celeba_hq_00849,celeba_hq_01849,949
850,eyes,"[0, 1]",celeba_hq_00850,celeba_hq_01850,950
851,eyes,"[0, 1]",celeba_hq_00851,celeba_hq_01851,951
852,eyes,"[0, 1]",celeba_hq_00852,celeba_hq_01852,952
853,eyes,"[0, 1]",celeba_hq_00853,celeba_hq_01853,953
854,eyes,"[0, 1]",celeba_hq_00854,celeba_hq_01854,954
855,eyes,"[0, 1]",celeba_hq_00855,celeba_hq_01855,955
856,eyes,"[0, 1]",celeba_hq_00856,celeba_hq_01856,956
857,eyes,"[0, 1]",celeba_hq_00857,celeba_hq_01857,957
858,eyes,"[0, 1]",celeba_hq_00858,celeba_hq_01858,958
859,eyes,"[0, 1]",celeba_hq_00859,celeba_hq_01859,959
860,eyes,"[0, 1]",celeba_hq_00860,celeba_hq_01860,960
861,eyes,"[0, 1]",celeba_hq_00861,celeba_hq_01861,961
862,eyes,"[0, 1]",celeba_hq_00862,celeba_hq_01862,962
863,eyes,"[0, 1]",celeba_hq_00863,celeba_hq_01863,963
864,eyes,"[0, 1]",celeba_hq_00864,celeba_hq_01864,964
865,eyes,"[0, 1]",celeba_hq_00865,celeba_hq_01865,965
866,eyes,"[0, 1]",celeba_hq_00866,celeba_hq_01866,966
867,eyes,"[0, 1]",celeba_hq_00867,celeba_hq_01867,967
868,eyes,"[0, 1]",celeba_hq_00868,celeba_hq_01868,968
869,eyes,"[0, 1]",celeba_hq_00869,celeba_hq_01869,969
870,eyes,"[0, 1]",celeba_hq_00870,celeba_hq_01870,970
871,eyes,"[0, 1]",celeba_hq_00871,celeba_hq_01871,971
872,eyes,"[0, 1]",celeba_hq_00872,celeba_hq_01872,972
873,eyes,"[0, 1]",celeba_hq_00873,celeba_hq_01873,973
874,eyes,"[0, 1]",celeba_hq_00874,celeba_hq_01874,974
875,eyes,"[0, 1]",celeba_hq_00875,celeba_hq_01875,975
876,eyes,"[0, 1]",celeba_hq_00876,celeba_hq_01876,976
877,eyes,"[0, 1]",celeba_hq_00877,celeba_hq_01877,977
878,eyes,"[0, 1]",celeba_hq_00878,celeba_hq_01878,978
879,eyes,"[0, 1]",celeba_hq_00879,celeba_hq_01879,979
880,eyes,"[0, 1]",celeba_hq_00880,celeba_hq_01880,980
881,eyes,"[0, 1]",celeba_hq_00881,celeba_hq_01881,981
882,eyes,"[0, 1]",celeba_hq_00882,celeba_hq_01882,982
883,eyes,"[0, 1]",celeba_hq_00883,celeba_hq_01883,983
884,eyes,"[0, 1]",celeba_hq_00884,celeba_hq_01884,984
885,eyes,"[0, 1]",celeba_hq_00885,celeba_hq_01885,985
886,eyes,"[0, 1]",celeba_hq_00886,celeba_hq_01886,986
887,eyes,"[0, 1]",celeba_hq_00887,celeba_hq_01887,987
888,eyes,"[0, 1]",celeba_hq_00888,celeba_hq_01888,988
889,eyes,"[0, 1]",celeba_hq_00889,celeba_hq_01889,989
890,eyes,"[0, 1]",celeba_hq_00890,celeba_hq_01890,990
891,eyes,"[0, 1]",celeba_hq_00891,celeba_hq_01891,991
892,eyes,"[0, 1]",celeba_hq_00892,celeba_hq_01892,992
893,eyes,"[0, 1]",celeba_hq_00893,celeba_hq_01893,993
894,eyes,"[0, 1]",celeba_hq_00894,celeba_hq_01894,994
895,eyes,"[0, 1]",celeba_hq_00895,celeba_hq_01895,995
896,eyes,"[0, 1]",celeba_hq_00896,celeba_hq_01896,996
897,eyes,"[0, 1]",celeba_hq_00897,celeba_hq_01897,997
898,eyes,"[0, 1]",celeba_hq_00898,celeba_hq_01898,998
899,eyes,"[0, 1]",celeba_hq_00899,celeba_hq_01899,999
900,eyes,"[0, 1]",celeba_hq_00900,celeba_hq_01900,1000
901,eyes,"[0, 1]",celeba_hq_00901,celeba_hq_01901,1001
902,eyes,"[0, 1]",celeba_hq_00902,celeba_hq_01902,1002
903,eyes,"[0, 1]",celeba_hq_00903,celeba_hq_01903,1003
904,eyes,"[0, 1]",celeba_hq_00904,celeba_hq_01904,1004
905,eyes,"[0, 1]",celeba_hq_00905,celeba_hq_01905,1005
906,eyes,"[0, 1]",celeba_hq_00906,celeba_hq_01906,1006
907,eyes,"[0, 1]",celeba_hq_00907,celeba_hq_01907,1007
908,eyes,"[0, 1]",celeba_hq_00908,celeba_hq_01908,1008
909,eyes,"[0, 1]",celeba_hq_00909,celeba_hq_01909,1009
910,eyes,"[0, 1]",celeba_hq_00910,celeba_hq_01910,1010
911,eyes,"[0, 1]",celeba_hq_00911,celeba_hq_01911,1011
912,eyes,"[0, 1]",celeba_hq_00912,celeba_hq_01912,1012
913,eyes,"[0, 1]",celeba_hq_00913,celeba_hq_01913,1013
914,eyes,"[0, 1]",celeba_hq_00914,celeba_hq_01914,1014
915,eyes,"[0, 1]",celeba_hq_00915,celeba_hq_01915,1015
916,eyes,"[0, 1]",celeba_hq_00916,celeba_hq_01916,1016
917,eyes,"[0, 1]",celeba_hq_00917,celeba_hq_01917,1017
918,eyes,"[0, 1]",celeba_hq_00918,celeba_hq_01918,1018
919,eyes,"[0, 1]",celeba_hq_00919,celeba_hq_01919,1019
920,eyes,"[0, 1]",celeba_hq_00920,celeba_hq_01920,1020
921,eyes,"[0, 1]",celeba_hq_00921,celeba_hq_01921,1021
922,eyes,"[0, 1]",celeba_hq_00922,celeba_hq_01922,1022
923,eyes,"[0, 1]",celeba_hq_00923,celeba_hq_01923,1023
924,eyes,"[0, 1]",celeba_hq_00924,celeba_hq_01924,1024
925,eyes,"[0, 1]",celeba_hq_00925,celeba_hq_01925,1025
926,eyes,"[0, 1]",celeba_hq_00926,celeba_hq_01926,1026
927,eyes,"[0, 1]",celeba_hq_00927,celeba_hq_01927,1027
928,eyes,"[0, 1]",celeba_hq_00928,celeba_hq_01928,1028
929,eyes,"[0, 1]",celeba_hq_00929,celeba_hq_01929,1029
930,eyes,"[0, 1]",celeba_hq_00930,celeba_hq_01930,1030
931,eyes,"[0, 1]",celeba_hq_00931,celeba_hq_01931,1031
932,eyes,"[0, 1]",celeba_hq_00932,celeba_hq_01932,1032
933,eyes,"[0, 1]",celeba_hq_00933,celeba_hq_01933,1033
934,eyes,"[0, 1]",celeba_hq_00934,celeba_hq_01934,1034
935,eyes,"[0, 1]",celeba_hq_00935,celeba_hq_01935,1035
936,eyes,"[0, 1]",celeba_hq_00936,celeba_hq_01936,1036
937,eyes,"[0, 1]",celeba_hq_00937,celeba_hq_01937,1037
938,eyes,"[0, 1]",celeba_hq_00938,celeba_hq_01938,1038
939,eyes,"[0, 1]",celeba_hq_00939,celeba_hq_01939,1039
940,eyes,"[0, 1]",celeba_hq_00940,celeba_hq_01940,1040
941,eyes,"[0, 1]",celeba_hq_00941,celeba_hq_01941,1041
942,eyes,"[0, 1]",celeba_hq_00942,celeba_hq_01942,1042
943,eyes,"[0, 1]",celeba_hq_00943,celeba_hq_01943,1043
944,eyes,"[0, 1]",celeba_hq_00944,celeba_hq_01944,1044
945,eyes,"[0, 1]",celeba_hq_00945,celeba_hq_01945,1045
946,eyes,"[0, 1]",celeba_hq_00946,celeba_hq_01946,1046
947,eyes,"[0, 1]",celeba_hq_00947,celeba_hq_01947,1047
948,eyes,"[0, 1]",celeba_hq_00948,celeba_hq_01948,1048
949,eyes,"[0, 1]",celeba_hq_00949,celeba_hq_01949,1049
950,eyes,"[0, 1]",celeba_hq_00950,celeba_hq_01950,1050
951,eyes,"[0, 1]",celeba_hq_00951,celeba_hq_01951,1051
952,eyes,"[0, 1]",celeba_hq_00952,celeba_hq_01952,1052
953,eyes,"[0, 1]",celeba_hq_00953,celeba_hq_01953,1053
954,eyes,"[0, 1]",celeba_hq_00954,celeba_hq_01954,1054
955,eyes,"[0, 1]",celeba_hq_00955,celeba_hq_01955,1055
956,eyes,"[0, 1]",celeba_hq_00956,celeba_hq_01956,1056
957,eyes,"[0, 1]",celeba_hq_00957,celeba_hq_01957,1057
958,eyes,"[0, 1]",celeba_hq_00958,celeba_hq_01958,1058
959,eyes,"[0, 1]",celeba_hq_00959,celeba_hq_01959,1059
960,eyes,"[0, 1]",celeba_hq_00960,celeba_hq_01960,1060
961,eyes,"[0, 1]",celeba_hq_00961,celeba_hq_01961,1061
962,eyes,"[0, 1]",celeba_hq_00962,celeba_hq_01962,1062
963,eyes,"[0, 1]",celeba_hq_00963,celeba_hq_01963,1063
964,eyes,"[0, 1]",celeba_hq_00964,celeba_hq_01964,1064
965,eyes,"[0, 1]",celeba_hq_00965,celeba_hq_01965,1065
966,eyes,"[0, 1]",celeba_hq_00966,celeba_hq_01966,1066
967,eyes,"[0, 1]",celeba_hq_00967,celeba_hq_01967,1067
968,eyes,"[0, 1]",celeba_hq_00968,celeba_hq_01968,1068
969,eyes,"[0, 1]",celeba_hq_00969,celeba_hq_01969,1069
970,eyes,"[0, 1]",celeba_hq_00970,celeba_hq_01970,1070
971,eyes,"[0, 1]",celeba_hq_00971,celeba_hq_01971,1071
972,eyes,"[0, 1]",celeba_hq_00972,celeba_hq_01972,1072
973,eyes,"[0, 1]",celeba_hq_00973,celeba_hq_01973,1073
974,eyes,"[0, 1]",celeba_hq_00974,celeba_hq_01974,1074
975,eyes,"[0, 1]",celeba_hq_00975,celeba_hq_01975,1075
976,eyes,"[0, 1]",celeba_hq_00976,celeba_hq_01976,1076
977,eyes,"[0, 1]",celeba_hq_00977,celeba_hq_01977,1077
978,eyes,"[0, 1]",celeba_hq_00978,celeba_hq_01978,1078
979,eyes,"[0, 1]",celeba_hq_00979,celeba_hq_01979,1079
980,eyes,"[0, 1]",celeba_hq_00980,celeba_hq_01980,1080
981,eyes,"[0, 1]",celeba_hq_00981,celeba_hq_01981,1081
982,eyes,"[0, 1]",celeba_hq_00982,celeba_hq_01982,1082
983,eyes,"[0, 1]",celeba_hq_00983,celeba_hq_01983,1083
984,eyes,"[0, 1]",celeba_hq_00984,celeba_hq_01984,1084
985,eyes,"[0, 1]",celeba_hq_00985,celeba_hq_01985,1085
986,eyes,"[0, 1]",celeba_hq_00986,celeba_hq_01986,1086
987,eyes,"[0, 1]",celeba_hq_00987,celeba_hq_01987,1087
988,eyes,"[0, 1]",celeba_hq_00988,celeba_hq_01988,1088
989,eyes,"[0, 1]",celeba_hq_00989,celeba_hq_01989,1089
990,eyes,"[0, 1]",celeba_hq_00990,celeba_hq_01990,1090
991,eyes,"[0, 1]",celeba_hq_00991,celeba_hq_01991,1091
992,eyes,"[0, 1]",celeba_hq_00992,celeba_hq_01992,1092
993,eyes,"[0, 1]",celeba_hq_00993,celeba_hq_01993,1093
994,eyes,"[0, 1]",celeba_hq_00994,celeba_hq_01994,1094
995,eyes,"[0, 1]",celeba_hq_00995,celeba_hq_01995,1095
996,eyes,"[0, 1]",celeba_hq_00996,celeba_hq_01996,1096
997,eyes,"[0, 1]",celeba_hq_00997,celeba_hq_01997,1097
998,eyes,"[0, 1]",celeba_hq_00998,celeba_hq_01998,1098
999,eyes,"[0, 1]",celeba_hq_00999,celeba_hq_01999,1099
1000,eyes,"[0, 1]",celeba_hq_01000,celeba_hq_02000,1100
1001,eyes,"[0, 1]",celeba_hq_01001,celeba_hq_02001,1101
1002,eyes,"[0, 1]",celeba_hq_01002,celeba_hq_02002,1102
1003,eyes,"[0, 1]",celeba_hq_01003,celeba_hq_02003,1103
1004,eyes,"[0, 1]",celeba_hq_01004,celeba_hq_02004,1104
1005,eyes,"[0, 1]",celeba_hq_01005,celeba_hq_02005,1105
1006,eyes,"[0, 1]",celeba_hq_01006,celeba_hq_02006,1106
1007,eyes,"[0, 1]",celeba_hq_01007,celeba_hq_02007,1107
1008,eyes,"[0, 1]",celeba_hq_01008,celeba_hq_02008,1108
1009,eyes,"[0, 1]",celeba_hq_01009,celeba_hq_02009,1109
1010,eyes,"[0, 1]",celeba_hq_01010,celeba_hq_02010,1110
1011,eyes,"[0, 1]",celeba_hq_01011,celeba_hq_02011,1111
1012,eyes,"[0, 1]",celeba_hq_01012,celeba_hq_02012,1112
1013,eyes,"[0, 1]",celeba_hq_01013,celeba_hq_02013,1113
1014,eyes,"[0, 1]",celeba_hq_01014,celeba_hq_02014,1114
1015,eyes,"[0, 1]",celeba_hq_01015,celeba_hq_02015,1115
1016,eyes,"[0, 1]",celeba_hq_01016,celeba_hq_02016,1116
1017,eyes,"[0, 1]",celeba_hq_01017,celeba_hq_02017,1117
1018,eyes,"[0, 1]",celeba_hq_01018,celeba_hq_02018,1118
1019,eyes,"[0, 1]",celeba_hq_01019,celeba_hq_02019,1119
1020,eyes,"[0, 1]",celeba_hq_01020,celeba_hq_02020,1120
1021,eyes,"[0, 1]",celeba_hq_01021,celeba_hq_02021,1121
1022,eyes,"[0, 1]",celeba_hq_01022,celeba_hq_02022,1122
1023,eyes,"[0, 1]",celeba_hq_01023,celeba_hq_02023,1123
1024,eyes,"[0, 1]",celeba_hq_01024,celeba_hq_02024,1124
1025,eyes,"[0, 1]",celeba_hq_01025,celeba_hq_02025,1125
1026,eyes,"[0, 1]",celeba_hq_01026,celeba_hq_02026,1126
1027,eyes,"[0, 1]",celeba_hq_01027,celeba_hq_02027,1127
1028,eyes,"[0, 1]",celeba_hq_01028,celeba_hq_02028,1128
1029,eyes,"[0, 1]",celeba_hq_01029,celeba_hq_02029,1129
1030,eyes,"[0, 1]",celeba_hq_01030,celeba_hq_02030,1130
1031,eyes,"[0, 1]",celeba_hq_01031,celeba_hq_02031,1131
1032,eyes,"[0, 1]",celeba_hq_01032,celeba_hq_02032,1132
1033,eyes,"[0, 1]",celeba_hq_01033,celeba_hq_02033,1133
1034,eyes,"[0, 1]",celeba_hq_01034,celeba_hq_02034,1134
1035,eyes,"[0, 1]",celeba_hq_01035,celeba_hq_02035,1135
1036,eyes,"[0, 1]",celeba_hq_01036,celeba_hq_02036,1136
1037,eyes,"[0, 1]",celeba_hq_01037,celeba_hq_02037,1137
1038,eyes,"[0, 1]",celeba_hq_01038,celeba_hq_02038,1138
1039,eyes,"[0, 1]",celeba_hq_01039,celeba_hq_02039,1139
1040,eyes,"[0, 1]",celeba_hq_01040,celeba_hq_02040,1140
1041,eyes,"[0, 1]",celeba_hq_01041,celeba_hq_02041,1141
1042,eyes,"[0, 1]",celeba_hq_01042,celeba_hq_02042,1142
1043,eyes,"[0, 1]",celeba_hq_01043,celeba_hq_02043,1143
1044,eyes,"[0, 1]",celeba_hq_01044,celeba_hq_02044,1144
1045,eyes,"[0, 1]",celeba_hq_01045,celeba_hq_02045,1145
1046,eyes,"[0, 1]",celeba_hq_01046,celeba_hq_02046,1146
1047,eyes,"[0, 1]",celeba_hq_01047,celeba_hq_02047,1147
1048,eyes,"[0, 1]",celeba_hq_01048,celeba_hq_02048,1148
1049,eyes,"[0, 1]",celeba_hq_01049,celeba_hq_02049,1149
1050,eyes,"[0, 1]",celeba_hq_01050,celeba_hq_02050,1150
1051,eyes,"[0, 1]",celeba_hq_01051,celeba_hq_02051,1151
1052,eyes,"[0, 1]",celeba_hq_01052,celeba_hq_02052,1152
1053,eyes,"[0, 1]",celeba_hq_01053,celeba_hq_02053,1153
1054,eyes,"[0, 1]",celeba_hq_01054,celeba_hq_02054,1154
1055,eyes,"[0, 1]",celeba_hq_01055,celeba_hq_02055,1155
1056,eyes,"[0, 1]",celeba_hq_01056,celeba_hq_02056,1156
1057,eyes,"[0, 1]",celeba_hq_01057,celeba_hq_02057,1157
1058,eyes,"[0, 1]",celeba_hq_01058,celeba_hq_02058,1158
1059,eyes,"[0, 1]",celeba_hq_01059,celeba_hq_02059,1159
1060,eyes,"[0, 1]",celeba_hq_01060,celeba_hq_02060,1160
1061,eyes,"[0, 1]",celeba_hq_01061,celeba_hq_02061,1161
1062,eyes,"[0, 1]",celeba_hq_01062,celeba_hq_02062,1162
1063,eyes,"[0, 1]",celeba_hq_01063,celeba_hq_02063,1163
1064,eyes,"[0, 1]",celeba_hq_01064,celeba_hq_02064,1164
1065,eyes,"[0, 1]",celeba_hq_01065,celeba_hq_02065,1165
1066,eyes,"[0, 1]",celeba_hq_01066,celeba_hq_02066,1166
1067,eyes,"[0, 1]",celeba_hq_01067,celeba_hq_02067,1167
1068,eyes,"[0, 1]",celeba_hq_01068,celeba_hq_02068,1168
1069,eyes,"[0, 1]",celeba_hq_01069,celeba_hq_02069,1169
1070,eyes,"[0, 1]",celeba_hq_01070,celeba_hq_02070,1170
1071,eyes,"[0, 1]",celeba_hq_01071,celeba_hq_02071,1171
1072,eyes,"[0, 1]",celeba_hq_01072,celeba_hq_02072,1172
1073,eyes,"[0, 1]",celeba_hq_01073,celeba_hq_02073,1173
1074,eyes,"[0, 1]",celeba_hq_01074,celeba_hq_02074,1174
1075,eyes,"[0, 1]",celeba_hq_01075,celeba_hq_02075,1175
1076,eyes,"[0, 1]",celeba_hq_01076,celeba_hq_02076,1176
1077,eyes,"[0, 1]",celeba_hq_01077,celeba_hq_02077,1177
1078,eyes,"[0, 1]",celeba_hq_01078,celeba_hq_02078,1178
1079,eyes,"[0, 1]",celeba_hq_01079,celeba_hq_02079,1179
1080,eyes,"[0, 1]",celeba_hq_01080,celeba_hq_02080,1180
1081,eyes,"[0, 1]",celeba_hq_01081,celeba_hq_02081,1181
1082,eyes,"[0, 1]",celeba_hq_01082,celeba_hq_02082,1182
1083,eyes,"[0, 1]",celeba_hq_01083,celeba_hq_02083,1183
1084,eyes,"[0, 1]",celeba_hq_01084,celeba_hq_02084,1184
1085,eyes,"[0, 1]",celeba_hq_01085,celeba_hq_02085,1185
1086,eyes,"[0, 1]",celeba_hq_01086,celeba_hq_02086,1186
1087,eyes,"[0, 1]",celeba_hq_01087,celeba_hq_02087,1187
1088,eyes,"[0, 1]",celeba_hq_01088,celeba_hq_02088,1188
1089,eyes,"[0, 1]",celeba_hq_01089,celeba_hq_02089,1189
1090,eyes,"[0, 1]",celeba_hq_01090,celeba_hq_02090,1190
1091,eyes,"[0, 1]",celeba_hq_01091,celeba_hq_02091,1191
1092,eyes,"[0, 1]",celeba_hq_01092,celeba_hq_02092,1192
1093,eyes,"[0, 1]",celeba_hq_01093,celeba_hq_02093,1193
1094,eyes,"[0, 1]",celeba_hq_01094,celeba_hq_02094,1194
1095,eyes,"[0, 1]",celeba_hq_01095,celeba_hq_02095,1195
1096,eyes,"[0, 1]",celeba_hq_01096,celeba_hq_02096,1196
1097,eyes,"[0, 1]",celeba_hq_01097,celeba_hq_02097,1197
1098,eyes,"[0, 1]",celeba_hq_01098,celeba_hq_02098,1198
1099,eyes,"[0, 1]",celeba_hq_01099,celeba_hq_02099,1199
1100,eyes,"[0, 1]",celeba_hq_01100,celeba_hq_02100,1200
1101,eyes,"[0, 1]",celeba_hq_01101,celeba_hq_02101,1201
1102,eyes,"[0, 1]",celeba_hq_01102,celeba_hq_02102,1202
1103,eyes,"[0, 1]",celeba_hq_01103,celeba_hq_02103,1203
1104,eyes,"[0, 1]",celeba_hq_01104,celeba_hq_02104,1204
1105,eyes,"[0, 1]",celeba_hq_01105,celeba_hq_02105,1205
1106,eyes,"[0, 1]",celeba_hq_01106,celeba_hq_02106,1206
1107,eyes,"[0, 1]",celeba_hq_01107,celeba_hq_02107,1207
1108,eyes,"[0, 1]",celeba_hq_01108,celeba_hq_02108,1208
1109,eyes,"[0, 1]",celeba_hq_01109,celeba_hq_02109,1209
1110,eyes,"[0, 1]",celeba_hq_01110,celeba_hq_02110,1210
1111,eyes,"[0, 1]",celeba_hq_01111,celeba_hq_02111,1211
1112,eyes,"[0, 1]",celeba_hq_01112,celeba_hq_02112,1212
1113,eyes,"[0, 1]",celeba_hq_01113,celeba_hq_02113,1213
1114,eyes,"[0, 1]",celeba_hq_01114,celeba_hq_02114,1214
1115,eyes,"[0, 1]",celeba_hq_01115,celeba_hq_02115,1215
1116,eyes,"[0, 1]",celeba_hq_01116,celeba_hq_02116,1216
1117,eyes,"[0, 1]",celeba_hq_01117,celeba_hq_02117,1217
1118,eyes,"[0, 1]",celeba_hq_01118,celeba_hq_02118,1218
1119,eyes,"[0, 1]",celeba_hq_01119,celeba_hq_02119,1219
1120,eyes,"[0, 1]",celeba_hq_01120,celeba_hq_02120,1220
1121,eyes,"[0, 1]",celeba_hq_01121,celeba_hq_02121,1221
1122,eyes,"[0, 1]",celeba_hq_01122,celeba_hq_02122,1222
1123,eyes,"[0, 1]",celeba_hq_01123,celeba_hq_02123,1223
1124,eyes,"[0, 1]",celeba_hq_01124,celeba_hq_02124,1224
1125,eyes,"[0, 1]",celeba_hq_01125,celeba_hq_02125,1225
1126,eyes,"[0, 1]",celeba_hq_01126,celeba_hq_02126,1226
1127,eyes,"[0, 1]",celeba_hq_01127,celeba_hq_02127,1227
1128,eyes,"[0, 1]",celeba_hq_01128,celeba_hq_02128,1228
1129,eyes,"[0, 1]",celeba_hq_01129,celeba_hq_02129,1229
1130,eyes,"[0, 1]",celeba_hq_01130,celeba_hq_02130,1230
1131,eyes,"[0, 1]",celeba_hq_01131,celeba_hq_02131,1231
1132,eyes,"[0, 1]",celeba_hq_01132,celeba_hq_02132,1232
1133,eyes,"[0, 1]",celeba_hq_01133,celeba_hq_02133,1233
1134,eyes,"[0, 1]",celeba_hq_01134,celeba_hq_02134,1234
1135,eyes,"[0, 1]",celeba_hq_01135,celeba_hq_02135,1235
1136,eyes,"[0, 1]",celeba_hq_01136,celeba_hq_02136,1236
1137,eyes,"[0, 1]",celeba_hq_01137,celeba_hq_02137,1237
1138,eyes,"[0, 1]",celeba_hq_01138,celeba_hq_02138,1238
1139,eyes,"[0, 1]",celeba_hq_01139,celeba_hq_02139,1239
1140,eyes,"[0, 1]",celeba_hq_01140,celeba_hq_02140,1240
1141,eyes,"[0, 1]",celeba_hq_01141,celeba_hq_02141,1241
1142,eyes,"[0, 1]",celeba_hq_01142,celeba_hq_02142,1242
1143,eyes,"[0, 1]",celeba_hq_01143,celeba_hq_02143,1243
1144,eyes,"[0, 1]",celeba_hq_01144,celeba_hq_02144,1244
1145,eyes,"[0, 1]",celeba_hq_01145,celeba_hq_02145,1245
1146,eyes,"[0, 1]",celeba_hq_01146,celeba_hq_02146,1246
1147,eyes,"[0, 1]",celeba_hq_01147,celeba_hq_02147,1247
1148,eyes,"[0, 1]",celeba_hq_01148,celeba_hq_02148,1248
1149,eyes,"[0, 1]",celeba_hq_01149,celeba_hq_02149,1249
1150,eyes,"[0, 1]",celeba_hq_01150,celeba_hq_02150,1250
1151,eyes,"[0, 1]",celeba_hq_01151,celeba_hq_02151,1251
1152,eyes,"[0, 1]",celeba_hq_01152,celeba_hq_02152,1252
1153,eyes,"[0, 1]",celeba_hq_01153,celeba_hq_02153,1253
1154,eyes,"[0, 1]",celeba_hq_01154,celeba_hq_02154,1254
1155,eyes,"[0, 1]",celeba_hq_01155,celeba_hq_02155,1255
1156,eyes,"[0, 1]",celeba_hq_01156,celeba_hq_02156,1256
1157,eyes,"[0, 1]",celeba_hq_01157,celeba_hq_02157,1257
1158,eyes,"[0, 1]",celeba_hq_01158,celeba_hq_02158,1258
1159,eyes,"[0, 1]",celeba_hq_01159,celeba_hq_02159,1259
1160,eyes,"[0, 1]",celeba_hq_01160,celeba_hq_02160,1260
1161,eyes,"[0, 1]",celeba_hq_01161,celeba_hq_02161,1261
1162,eyes,"[0, 1]",celeba_hq_01162,celeba_hq_02162,1262
1163,eyes,"[0, 1]",celeba_hq_01163,celeba_hq_02163,1263
1164,eyes,"[0, 1]",celeba_hq_01164,celeba_hq_02164,1264
1165,eyes,"[0, 1]",celeba_hq_01165,celeba_hq_02165,1265
1166,eyes,"[0, 1]",celeba_hq_01166,celeba_hq_02166,1266
1167,eyes,"[0, 1]",celeba_hq_01167,celeba_hq_02167,1267
1168,eyes,"[0, 1]",celeba_hq_01168,celeba_hq_02168,1268
1169,eyes,"[0, 1]",celeba_hq_01169,celeba_hq_02169,1269
1170,eyes,"[0, 1]",celeba_hq_01170,celeba_hq_02170,1270
1171,eyes,"[0, 1]",celeba_hq_01171,celeba_hq_02171,1271
1172,eyes,"[0, 1]",celeba_hq_01172,celeba_hq_02172,1272
1173,eyes,"[0, 1]",celeba_hq_01173,celeba_hq_02173,1273
1174,eyes,"[0, 1]",celeba_hq_01174,celeba_hq_02174,1274
1175,eyes,"[0, 1]",celeba_hq_01175,celeba_hq_02175,1275
1176,eyes,"[0, 1]",celeba_hq_01176,celeba_hq_02176,1276
1177,eyes,"[0, 1]",celeba_hq_01177,celeba_hq_02177,1277
1178,eyes,"[0, 1]",celeba_hq_01178,celeba_hq_02178,1278
1179,eyes,"[0, 1]",celeba_hq_01179,celeba_hq_02179,1279
1180,eyes,"[0, 1]",celeba_hq_01180,celeba_hq_02180,1280
1181,eyes,"[0, 1]",celeba_hq_01181,celeba_hq_02181,1281
1182,eyes,"[0, 1]",celeba_hq_01182,celeba_hq_02182,1282
1183,eyes,"[0, 1]",celeba_hq_01183,celeba_hq_02183,1283
1184,eyes,"[0, 1]",celeba_hq_01184,celeba_hq_02184,1284
1185,eyes,"[0, 1]",celeba_hq_01185,celeba_hq_02185,1285
1186,eyes,"[0, 1]",celeba_hq_01186,celeba_hq_02186,1286
1187,eyes,"[0, 1]",celeba_hq_01187,celeba_hq_02187,1287
1188,eyes,"[0, 1]",celeba_hq_01188,celeba_hq_02188,1288
1189,eyes,"[0, 1]",celeba_hq_01189,celeba_hq_02189,1289
1190,eyes,"[0, 1]",celeba_hq_01190,celeba_hq_02190,1290
1191,eyes,"[0, 1]",celeba_hq_01191,celeba_hq_02191,1291
1192,eyes,"[0, 1]",celeba_hq_01192,celeba_hq_02192,1292
1193,eyes,"[0, 1]",celeba_hq_01193,celeba_hq_02193,1293
1194,eyes,"[0, 1]",celeba_hq_01194,celeba_hq_02194,1294
1195,eyes,"[0, 1]",celeba_hq_01195,celeba_hq_02195,1295
1196,eyes,"[0, 1]",celeba_hq_01196,celeba_hq_02196,1296
1197,eyes,"[0, 1]",celeba_hq_01197,celeba_hq_02197,1297
1198,eyes,"[0, 1]",celeba_hq_01198,celeba_hq_02198,1298
1199,eyes,"[0, 1]",celeba_hq_01199,celeba_hq_02199,1299
1200,eyes,"[0, 1]",celeba_hq_01200,celeba_hq_02200,1300
1201,eyes,"[0, 1]",celeba_hq_01201,celeba_hq_02201,1301
1202,eyes,"[0, 1]",celeba_hq_01202,celeba_hq_02202,1302
1203,eyes,"[0, 1]",celeba_hq_01203,celeba_hq_02203,1303
1204,eyes,"[0, 1]",celeba_hq_01204,celeba_hq_02204,1304
1205,eyes,"[0, 1]",celeba_hq_01205,celeba_hq_02205,1305
1206,eyes,"[0, 1]",celeba_hq_01206,celeba_hq_02206,1306
1207,eyes,"[0, 1]",celeba_hq_01207,celeba_hq_02207,1307
1208,eyes,"[0, 1]",celeba_hq_01208,celeba_hq_02208,1308
1209,eyes,"[0, 1]",celeba_hq_01209,celeba_hq_02209,1309
1210,eyes,"[0, 1]",celeba_hq_01210,celeba_hq_02210,1310
1211,eyes,"[0, 1]",celeba_hq_01211,celeba_hq_02211,1311
1212,eyes,"[0, 1]",celeba_hq_01212,celeba_hq_02212,1312
1213,eyes,"[0, 1]",celeba_hq_01213,celeba_hq_02213,1313
1214,eyes,"[0, 1]",celeba_hq_01214,celeba_hq_02214,1314
1215,eyes,"[0, 1]",celeba_hq_01215,celeba_hq_02215,1315
1216,eyes,"[0, 1]",celeba_hq_01216,celeba_hq_02216,1316
1217,eyes,"[0, 1]",celeba_hq_01217,celeba_hq_02217,1317
1218,eyes,"[0, 1]",celeba_hq_01218,celeba_hq_02218,1318
1219,eyes,"[0, 1]",celeba_hq_01219,celeba_hq_02219,1319
1220,eyes,"[0, 1]",celeba_hq_01220,celeba_hq_02220,1320
1221,eyes,"[0, 1]",celeba_hq_01221,celeba_hq_02221,1321
1222,eyes,"[0, 1]",celeba_hq_01222,celeba_hq_02222,1322
1223,eyes,"[0, 1]",celeba_hq_01223,celeba_hq_02223,1323
1224,eyes,"[0, 1]",celeba_hq_01224,celeba_hq_02224,1324
1225,eyes,"[0, 1]",celeba_hq_01225,celeba_hq_02225,1325
1226,eyes,"[0, 1]",celeba_hq_01226,celeba_hq_02226,1326
1227,eyes,"[0, 1]",celeba_hq_01227,celeba_hq_02227,1327
1228,eyes,"[0, 1]",celeba_hq_01228,celeba_hq_02228,1328
1229,eyes,"[0, 1]",celeba_hq_01229,celeba_hq_02229,1329
1230,eyes,"[0, 1]",celeba_hq_01230,celeba_hq_02230,1330
1231,eyes,"[0, 1]",celeba_hq_01231,celeba_hq_02231,1331
1232,eyes,"[0, 1]",celeba_hq_01232,celeba_hq_02232,1332
1233,eyes,"[0, 1]",celeba_hq_01233,celeba_hq_02233,1333
1234,eyes,"[0, 1]",celeba_hq_01234,celeba_hq_02234,1334
1235,eyes,"[0, 1]",celeba_hq_01235,celeba_hq_02235,1335
1236,eyes,"[0, 1]",celeba_hq_01236,celeba_hq_02236,1336
1237,eyes,"[0, 1]",celeba_hq_01237,celeba_hq_02237,1337
1238,eyes,"[0, 1]",celeba_hq_01238,celeba_hq_02238,1338
1239,eyes,"[0, 1]",celeba_hq_01239,celeba_hq_02239,1339
1240,eyes,"[0, 1]",celeba_hq_01240,celeba_hq_02240,1340
1241,eyes,"[0, 1]",celeba_hq_01241,celeba_hq_02241,1341
1242,eyes,"[0, 1]",celeba_hq_01242,celeba_hq_02242,1342
1243,eyes,"[0, 1]",celeba_hq_01243,celeba_hq_02243,1343
1244,eyes,"[0, 1]",celeba_hq_01244,celeba_hq_02244,1344
1245,eyes,"[0, 1]",celeba_hq_01245,celeba_hq_02245,1345
1246,eyes,"[0, 1]",celeba_hq_01246,celeba_hq_02246,1346
1247,eyes,"[0, 1]",celeba_hq_01247,celeba_hq_02247,1347
1248,eyes,"[0, 1]",celeba_hq_01248,celeba_hq_02248,1348
1249,eyes,"[0, 1]",celeba_hq_01249,celeba_hq_02249,1349
1250,eyes,"[0, 1]",celeba_hq_01250,celeba_hq_02250,1350
1251,eyes,"[0, 1]",celeba_hq_01251,celeba_hq_02251,1351
1252,eyes,"[0, 1]",celeba_hq_01252,celeba_hq_02252,1352
1253,eyes,"[0, 1]",celeba_hq_01253,celeba_hq_02253,1353
1254,eyes,"[0, 1]",celeba_hq_01254,celeba_hq_02254,1354
1255,eyes,"[0, 1]",celeba_hq_01255,celeba_hq_02255,1355
1256,eyes,"[0, 1]",celeba_hq_01256,celeba_hq_02256,1356
1257,eyes,"[0, 1]",celeba_hq_01257,celeba_hq_02257,1357
1258,eyes,"[0, 1]",celeba_hq_01258,celeba_hq_02258,1358
1259,eyes,"[0, 1]",celeba_hq_01259,celeba_hq_02259,1359
1260,eyes,"[0, 1]",celeba_hq_01260,celeba_hq_02260,1360
1261,eyes,"[0, 1]",celeba_hq_01261,celeba_hq_02261,1361
1262,eyes,"[0, 1]",celeba_hq_01262,celeba_hq_02262,1362
1263,eyes,"[0, 1]",celeba_hq_01263,celeba_hq_02263,1363
1264,eyes,"[0, 1]",celeba_hq_01264,celeba_hq_02264,1364
1265,eyes,"[0, 1]",celeba_hq_01265,celeba_hq_02265,1365
1266,eyes,"[0, 1]",celeba_hq_01266,celeba_hq_02266,1366
1267,eyes,"[0, 1]",celeba_hq_01267,celeba_hq_02267,1367
1268,eyes,"[0, 1]",celeba_hq_01268,celeba_hq_02268,1368
1269,eyes,"[0, 1]",celeba_hq_01269,celeba_hq_02269,1369
1270,eyes,"[0, 1]",celeba_hq_01270,celeba_hq_02270,1370
1271,eyes,"[0, 1]",celeba_hq_01271,celeba_hq_02271,1371
1272,eyes,"[0, 1]",celeba_hq_01272,celeba_hq_02272,1372
1273,eyes,"[0, 1]",celeba_hq_01273,celeba_hq_02273,1373
1274,eyes,"[0, 1]",celeba_hq_01274,celeba_hq_02274,1374
1275,eyes,"[0, 1]",celeba_hq_01275,celeba_hq_02275,1375
1276,eyes,"[0, 1]",celeba_hq_01276,celeba_hq_02276,1376
1277,eyes,"[0, 1]",celeba_hq_01277,celeba_hq_02277,1377
1278,eyes,"[0, 1]",celeba_hq_01278,celeba_hq_02278,1378
1279,eyes,"[0, 1]",celeba_hq_01279,celeba_hq_02279,1379
1280,eyes,"[0, 1]",celeba_hq_01280,celeba_hq_02280,1380
1281,eyes,"[0, 1]",celeba_hq_01281,celeba_hq_02281,1381
1282,eyes,"[0, 1]",celeba_hq_01282,celeba_hq_02282,1382
1283,eyes,"[0, 1]",celeba_hq_01283,celeba_hq_02283,1383
1284,eyes,"[0, 1]",celeba_hq_01284,celeba_hq_02284,1384
1285,eyes,"[0, 1]",celeba_hq_01285,celeba_hq_02285,1385
1286,eyes,"[0, 1]",celeba_hq_01286,celeba_hq_02286,1386
1287,eyes,"[0, 1]",celeba_hq_01287,celeba_hq_02287,1387
1288,eyes,"[0, 1]",celeba_hq_01288,celeba_hq_02288,1388
1289,eyes,"[0, 1]",celeba_hq_01289,celeba_hq_02289,1389
1290,eyes,"[0, 1]",celeba_hq_01290,celeba_hq_02290,1390
1291,eyes,"[0, 1]",celeba_hq_01291,celeba_hq_02291,1391
1292,eyes,"[0, 1]",celeba_hq_01292,celeba_hq_02292,1392
1293,eyes,"[0, 1]",celeba_hq_01293,celeba_hq_02293,1393
1294,eyes,"[0, 1]",celeba_hq_01294,celeba_hq_02294,1394
1295,eyes,"[0, 1]",celeba_hq_01295,celeba_hq_02295,1395
1296,eyes,"[0, 1]",celeba_hq_01296,celeba_hq_02296,1396
1297,eyes,"[0, 1]",celeba_hq_01297,celeba_hq_02297,1397
1298,eyes,"[0, 1]",celeba_hq_01298,celeba_hq_02298,1398
1299,eyes,"[0, 1]",celeba_hq_01299,celeba_hq_02299,1399
1300,eyes,"[0, 1]",celeba_hq_01300,celeba_hq_02300,1400
1301,eyes,"[0, 1]",celeba_hq_01301,celeba_hq_02301,1401
1302,eyes,"[0, 1]",celeba_hq_01302,celeba_hq_02302,1402
1303,eyes,"[0, 1]",celeba_hq_01303,celeba_hq_02303,1403
1304,eyes,"[0, 1]",celeba_hq_01304,celeba_hq_02304,1404
1305,eyes,"[0, 1]",celeba_hq_01305,celeba_hq_02305,1405
1306,eyes,"[0, 1]",celeba_hq_01306,celeba_hq_02306,1406
1307,eyes,"[0, 1]",celeba_hq_01307,celeba_hq_02307,1407
1308,eyes,"[0, 1]",celeba_hq_01308,celeba_hq_02308,1408
1309,eyes,"[0, 1]",celeba_hq_01309,celeba_hq_02309,1409
1310,eyes,"[0, 1]",celeba_hq_01310,celeba_hq_02310,1410
1311,eyes,"[0, 1]",celeba_hq_01311,celeba_hq_02311,1411
1312,eyes,"[0, 1]",celeba_hq_01312,celeba_hq_02312,1412
1313,eyes,"[0, 1]",celeba_hq_01313,celeba_hq_02313,1413
1314,eyes,"[0, 1]",celeba_hq_01314,celeba_hq_02314,1414
1315,eyes,"[0, 1]",celeba_hq_01315,celeba_hq_02315,1415
1316,eyes,"[0, 1]",celeba_hq_01316,celeba_hq_02316,1416
1317,eyes,"[0, 1]",celeba_hq_01317,celeba_hq_02317,1417
1318,eyes,"[0, 1]",celeba_hq_01318,celeba_hq_02318,1418
1319,eyes,"[0, 1]",celeba_hq_01319,celeba_hq_02319,1419
1320,eyes,"[0, 1]",celeba_hq_01320,celeba_hq_02320,1420
1321,eyes,"[0, 1]",celeba_hq_01321,celeba_hq_02321,1421
1322,eyes,"[0, 1]",celeba_hq_01322,celeba_hq_02322,1422
1323,eyes,"[0, 1]",celeba_hq_01323,celeba_hq_02323,1423
1324,eyes,"[0, 1]",celeba_hq_01324,celeba_hq_02324,1424
1325,eyes,"[0, 1]",celeba_hq_01325,celeba_hq_02325,1425
1326,eyes,"[0, 1]",celeba_hq_01326,celeba_hq_02326,1426
1327,eyes,"[0, 1]",celeba_hq_01327,celeba_hq_02327,1427
1328,eyes,"[0, 1]",celeba_hq_01328,celeba_hq_02328,1428
1329,eyes,"[0, 1]",celeba_hq_01329,celeba_hq_02329,1429
1330,eyes,"[0, 1]",celeba_hq_01330,celeba_hq_02330,1430
1331,eyes,"[0, 1]",celeba_hq_01331,celeba_hq_02331,1431
1332,eyes,"[0, 1]",celeba_hq_01332,celeba_hq_02332,1432
1333,eyes,"[0, 1]",celeba_hq_01333,celeba_hq_02333,1433
1334,eyes,"[0, 1]",celeba_hq_01334,celeba_hq_02334,1434
1335,eyes,"[0, 1]",celeba_hq_01335,celeba_hq_02335,1435
1336,eyes,"[0, 1]",celeba_hq_01336,celeba_hq_02336,1436
1337,eyes,"[0, 1]",celeba_hq_01337,celeba_hq_02337,1437
1338,eyes,"[0, 1]",celeba_hq_01338,celeba_hq_02338,1438
1339,eyes,"[0, 1]",celeba_hq_01339,celeba_hq_02339,1439
1340,eyes,"[0, 1]",celeba_hq_01340,celeba_hq_02340,1440
1341,eyes,"[0, 1]",celeba_hq_01341,celeba_hq_02341,1441
1342,eyes,"[0, 1]",celeba_hq_01342,celeba_hq_02342,1442
1343,eyes,"[0, 1]",celeba_hq_01343,celeba_hq_02343,1443
1344,eyes,"[0, 1]",celeba_hq_01344,celeba_hq_02344,1444
1345,eyes,"[0, 1]",celeba_hq_01345,celeba_hq_02345,1445
1346,eyes,"[0, 1]",celeba_hq_01346,celeba_hq_02346,1446
1347,eyes,"[0, 1]",celeba_hq_01347,celeba_hq_02347,1447
1348,eyes,"[0, 1]",celeba_hq_01348,celeba_hq_02348,1448
1349,eyes,"[0, 1]",celeba_hq_01349,celeba_hq_02349,1449
1350,eyes,"[0, 1]",celeba_hq_01350,celeba_hq_02350,1450
1351,eyes,"[0, 1]",celeba_hq_01351,celeba_hq_02351,1451
1352,eyes,"[0, 1]",celeba_hq_01352,celeba_hq_02352,1452
1353,eyes,"[0, 1]",celeba_hq_01353,celeba_hq_02353,1453
1354,eyes,"[0, 1]",celeba_hq_01354,celeba_hq_02354,1454
1355,eyes,"[0, 1]",celeba_hq_01355,celeba_hq_02355,1455
1356,eyes,"[0, 1]",celeba_hq_01356,celeba_hq_02356,1456
1357,eyes,"[0, 1]",celeba_hq_01357,celeba_hq_02357,1457
1358,eyes,"[0, 1]",celeba_hq_01358,celeba_hq_02358,1458
1359,eyes,"[0, 1]",celeba_hq_01359,celeba_hq_02359,1459
1360,eyes,"[0, 1]",celeba_hq_01360,celeba_hq_02360,1460
1361,eyes,"[0, 1]",celeba_hq_01361,celeba_hq_02361,1461
1362,eyes,"[0, 1]",celeba_hq_01362,celeba_hq_02362,1462
1363,eyes,"[0, 1]",celeba_hq_01363,celeba_hq_02363,1463
1364,eyes,"[0, 1]",celeba_hq_01364,celeba_hq_02364,1464
1365,eyes,"[0, 1]",celeba_hq_01365,celeba_hq_02365,1465
1366,eyes,"[0, 1]",celeba_hq_01366,celeba_hq_02366,1466
1367,eyes,"[0, 1]",celeba_hq_01367,celeba_hq_02367,1467
1368,eyes,"[0, 1]",celeba_hq_01368,celeba_hq_02368,1468
1369,eyes,"[0, 1]",celeba_hq_01369,celeba_hq_02369,1469
1370,eyes,"[0, 1]",celeba_hq_01370,celeba_hq_02370,1470
1371,eyes,"[0, 1]",celeba_hq_01371,celeba_hq_02371,1471
1372,eyes,"[0, 1]",celeba_hq_01372,celeba_hq_02372,1472
1373,eyes,"[0, 1]",celeba_hq_01373,celeba_hq_02373,1473
1374,eyes,"[0, 1]",celeba_hq_01374,celeba_hq_02374,1474
1375,eyes,"[0, 1]",celeba_hq_01375,celeba_hq_02375,1475
1376,eyes,"[0, 1]",celeba_hq_01376,celeba_hq_02376,1476
1377,eyes,"[0, 1]",celeba_hq_01377,celeba_hq_02377,1477
1378,eyes,"[0, 1]",celeba_hq_01378,celeba_hq_02378,1478
1379,eyes,"[0, 1]",celeba_hq_01379,celeba_hq_02379,1479
1380,eyes,"[0, 1]",celeba_hq_01380,celeba_hq_02380,1480
1381,eyes,"[0, 1]",celeba_hq_01381,celeba_hq_02381,1481
1382,eyes,"[0, 1]",celeba_hq_01382,celeba_hq_02382,1482
1383,eyes,"[0, 1]",celeba_hq_01383,celeba_hq_02383,1483
1384,eyes,"[0, 1]",celeba_hq_01384,celeba_hq_02384,1484
1385,eyes,"[0, 1]",celeba_hq_01385,celeba_hq_02385,1485
1386,eyes,"[0, 1]",celeba_hq_01386,celeba_hq_02386,1486
1387,eyes,"[0, 1]",celeba_hq_01387,celeba_hq_02387,1487
1388,eyes,"[0, 1]",celeba_hq_01388,celeba_hq_02388,1488
1389,eyes,"[0, 1]",celeba_hq_01389,celeba_hq_02389,1489
1390,eyes,"[0, 1]",celeba_hq_01390,celeba_hq_02390,1490
1391,eyes,"[0, 1]",celeba_hq_01391,celeba_hq_02391,1491
1392,eyes,"[0, 1]",celeba_hq_01392,celeba_hq_02392,1492
1393,eyes,"[0, 1]",celeba_hq_01393,celeba_hq_02393,1493
1394,eyes,"[0, 1]",celeba_hq_01394,celeba_hq_02394,1494
1395,eyes,"[0, 1]",celeba_hq_01395,celeba_hq_02395,1495
1396,eyes,"[0, 1]",celeba_hq_01396,celeba_hq_02396,1496
1397,eyes,"[0, 1]",celeba_hq_01397,celeba_hq_02397,1497
1398,eyes,"[0, 1]",celeba_hq_01398,celeba_hq_02398,1498
1399,eyes,"[0, 1]",celeba_hq_01399,celeba_hq_02399,1499
1400,eyes,"[0, 1]",celeba_hq_01400,celeba_hq_02400,1500
1401,eyes,"[0, 1]",celeba_hq_01401,celeba_hq_02401,1501
1402,eyes,"[0, 1]",celeba_hq_01402,celeba_hq_02402,1502
1403,eyes,"[0, 1]",celeba_hq_01403,celeba_hq_02403,1503
1404,eyes,"[0, 1]",celeba_hq_01404,celeba_hq_02404,1504
1405,eyes,"[0, 1]",celeba_hq_01405,celeba_hq_02405,1505
1406,eyes,"[0, 1]",celeba_hq_01406,celeba_hq_02406,1506
1407,eyes,"[0, 1]",celeba_hq_01407,celeba_hq_02407,1507
1408,eyes,"[0, 1]",celeba_hq_01408,celeba_hq_02408,1508
1409,eyes,"[0, 1]",celeba_hq_01409,celeba_hq_02409,1509
1410,eyes,"[0, 1]",celeba_hq_01410,celeba_hq_02410,1510
1411,eyes,"[0, 1]",celeba_hq_01411,celeba_hq_02411,1511
1412,eyes,"[0, 1]",celeba_hq_01412,celeba_hq_02412,1512
1413,eyes,"[0, 1]",celeba_hq_01413,celeba_hq_02413,1513
1414,eyes,"[0, 1]",celeba_hq_01414,celeba_hq_02414,1514
1415,eyes,"[0, 1]",celeba_hq_01415,celeba_hq_02415,1515
1416,eyes,"[0, 1]",celeba_hq_01416,celeba_hq_02416,1516
1417,eyes,"[0, 1]",celeba_hq_01417,celeba_hq_02417,1517
1418,eyes,"[0, 1]",celeba_hq_01418,celeba_hq_02418,1518
1419,eyes,"[0, 1]",celeba_hq_01419,celeba_hq_02419,1519
1420,eyes,"[0, 1]",celeba_hq_01420,celeba_hq_02420,1520
1421,eyes,"[0, 1]",celeba_hq_01421,celeba_hq_02421,1521
1422,eyes,"[0, 1]",celeba_hq_01422,celeba_hq_02422,1522
1423,eyes,"[0, 1]",celeba_hq_01423,celeba_hq_02423,1523
1424,eyes,"[0, 1]",celeba_hq_01424,celeba_hq_02424,1524
1425,eyes,"[0, 1]",celeba_hq_01425,celeba_hq_02425,1525
1426,eyes,"[0, 1]",celeba_hq_01426,celeba_hq_02426,1526
1427,eyes,"[0, 1]",celeba_hq_01427,celeba_hq_02427,1527
1428,eyes,"[0, 1]",celeba_hq_01428,celeba_hq_02428,1528
1429,eyes,"[0, 1]",celeba_hq_01429,celeba_hq_02429,1529
1430,eyes,"[0, 1]",celeba_hq_01430,celeba_hq_02430,1530
1431,eyes,"[0, 1]",celeba_hq_01431,celeba_hq_02431,1531
1432,eyes,"[0, 1]",celeba_hq_01432,celeba_hq_02432,1532
1433,eyes,"[0, 1]",celeba_hq_01433,celeba_hq_02433,1533
1434,eyes,"[0, 1]",celeba_hq_01434,celeba_hq_02434,1534
1435,eyes,"[0, 1]",celeba_hq_01435,celeba_hq_02435,1535
1436,eyes,"[0, 1]",celeba_hq_01436,celeba_hq_02436,1536
1437,eyes,"[0, 1]",celeba_hq_01437,celeba_hq_02437,1537
1438,eyes,"[0, 1]",celeba_hq_01438,celeba_hq_02438,1538
1439,eyes,"[0, 1]",celeba_hq_01439,celeba_hq_02439,1539
1440,eyes,"[0, 1]",celeba_hq_01440,celeba_hq_02440,1540
1441,eyes,"[0, 1]",celeba_hq_01441,celeba_hq_02441,1541
1442,eyes,"[0, 1]",celeba_hq_01442,celeba_hq_02442,1542
1443,eyes,"[0, 1]",celeba_hq_01443,celeba_hq_02443,1543
1444,eyes,"[0, 1]",celeba_hq_01444,celeba_hq_02444,1544
1445,eyes,"[0, 1]",celeba_hq_01445,celeba_hq_02445,1545
1446,eyes,"[0, 1]",celeba_hq_01446,celeba_hq_02446,1546
1447,eyes,"[0, 1]",celeba_hq_01447,celeba_hq_02447,1547
1448,eyes,"[0, 1]",celeba_hq_01448,celeba_hq_02448,1548
1449,eyes,"[0, 1]",celeba_hq_01449,celeba_hq_02449,1549
1450,eyes,"[0, 1]",celeba_hq_01450,celeba_hq_02450,1550
1451,eyes,"[0, 1]",celeba_hq_01451,celeba_hq_02451,1551
1452,eyes,"[0, 1]",celeba_hq_01452,celeba_hq_02452,1552
1453,eyes,"[0, 1]",celeba_hq_01453,celeba_hq_02453,1553
1454,eyes,"[0, 1]",celeba_hq_01454,celeba_hq_02454,1554
1455,eyes,"[0, 1]",celeba_hq_01455,celeba_hq_02455,1555
1456,eyes,"[0, 1]",celeba_hq_01456,celeba_hq_02456,1556
1457,eyes,"[0, 1]",celeba_hq_01457,celeba_hq_02457,1557
1458,eyes,"[0, 1]",celeba_hq_01458,celeba_hq_02458,1558
1459,eyes,"[0, 1]",celeba_hq_01459,celeba_hq_02459,1559
1460,eyes,"[0, 1]",celeba_hq_01460,celeba_hq_02460,1560
1461,eyes,"[0, 1]",celeba_hq_01461,celeba_hq_02461,1561
1462,eyes,"[0, 1]",celeba_hq_01462,celeba_hq_02462,1562
1463,eyes,"[0, 1]",celeba_hq_01463,celeba_hq_02463,1563
1464,eyes,"[0, 1]",celeba_hq_01464,celeba_hq_02464,1564
1465,eyes,"[0, 1]",celeba_hq_01465,celeba_hq_02465,1565
1466,eyes,"[0, 1]",celeba_hq_01466,celeba_hq_02466,1566
1467,eyes,"[0, 1]",celeba_hq_01467,celeba_hq_02467,1567
1468,eyes,"[0, 1]",celeba_hq_01468,celeba_hq_02468,1568
1469,eyes,"[0, 1]",celeba_hq_01469,celeba_hq_02469,1569
1470,eyes,"[0, 1]",celeba_hq_01470,celeba_hq_02470,1570
1471,eyes,"[0, 1]",celeba_hq_01471,celeba_hq_02471,1571
1472,eyes,"[0, 1]",celeba_hq_01472,celeba_hq_02472,1572
1473,eyes,"[0, 1]",celeba_hq_01473,celeba_hq_02473,1573
1474,eyes,"[0, 1]",celeba_hq_01474,celeba_hq_02474,1574
1475,eyes,"[0, 1]",celeba_hq_01475,celeba_hq_02475,1575
1476,eyes,"[0, 1]",celeba_hq_01476,celeba_hq_02476,1576
1477,eyes,"[0, 1]",celeba_hq_01477,celeba_hq_02477,1577
1478,eyes,"[0, 1]",celeba_hq_01478,celeba_hq_02478,1578
1479,eyes,"[0, 1]",celeba_hq_01479,celeba_hq_02479,1579
1480,eyes,"[0, 1]",celeba_hq_01480,celeba_hq_02480,1580
1481,eyes,"[0, 1]",celeba_hq_01481,celeba_hq_02481,1581
1482,eyes,"[0, 1]",celeba_hq_01482,celeba_hq_02482,1582
1483,eyes,"[0, 1]",celeba_hq_01483,celeba_hq_02483,1583
1484,eyes,"[0, 1]",celeba_hq_01484,celeba_hq_02484,1584
1485,eyes,"[0, 1]",celeba_hq_01485,celeba_hq_02485,1585
1486,eyes,"[0, 1]",celeba_hq_01486,celeba_hq_02486,1586
1487,eyes,"[0, 1]",celeba_hq_01487,celeba_hq_02487,1587
1488,eyes,"[0, 1]",celeba_hq_01488,celeba_hq_02488,1588
1489,eyes,"[0, 1]",celeba_hq_01489,celeba_hq_02489,1589
1490,eyes,"[0, 1]",celeba_hq_01490,celeba_hq_02490,1590
1491,eyes,"[0, 1]",celeba_hq_01491,celeba_hq_02491,1591
1492,eyes,"[0, 1]",celeba_hq_01492,celeba_hq_02492,1592
1493,eyes,"[0, 1]",celeba_hq_01493,celeba_hq_02493,1593
1494,eyes,"[0, 1]",celeba_hq_01494,celeba_hq_02494,1594
1495,eyes,"[0, 1]",celeba_hq_01495,celeba_hq_02495,1595
1496,eyes,"[0, 1]",celeba_hq_01496,celeba_hq_02496,1596
1497,eyes,"[0, 1]",celeba_hq_01497,celeba_hq_02497,1597
1498,eyes,"[0, 1]",celeba_hq_01498,celeba_hq_02498,1598
1499,eyes,"[0, 1]",celeba_hq_01499,celeba_hq_02499,1599
1500,eyes,"[0, 1]",celeba_hq_01500,celeba_hq_02500,1600
1501,eyes,"[0, 1]",celeba_hq_01501,celeba_hq_02501,1601
1502,eyes,"[0, 1]",celeba_hq_01502,celeba_hq_02502,1602
1503,eyes,"[0, 1]",celeba_hq_01503,celeba_hq_02503,1603
1504,eyes,"[0, 1]",celeba_hq_01504,celeba_hq_02504,1604
1505,eyes,"[0, 1]",celeba_hq_01505,celeba_hq_02505,1605
1506,eyes,"[0, 1]",celeba_hq_01506,celeba_hq_02506,1606
1507,eyes,"[0, 1]",celeba_hq_01507,celeba_hq_02507,1607
1508,eyes,"[0, 1]",celeba_hq_01508,celeba_hq_02508,1608
1509,eyes,"[0, 1]",celeba_hq_01509,celeba_hq_02509,1609
1510,eyes,"[0, 1]",celeba_hq_01510,celeba_hq_02510,1610
1511,eyes,"[0, 1]",celeba_hq_01511,celeba_hq_02511,1611
1512,eyes,"[0, 1]",celeba_hq_01512,celeba_hq_02512,1612
1513,eyes,"[0, 1]",celeba_hq_01513,celeba_hq_02513,1613
1514,eyes,"[0, 1]",celeba_hq_01514,celeba_hq_02514,1614
1515,eyes,"[0, 1]",celeba_hq_01515,celeba_hq_02515,1615
1516,eyes,"[0, 1]",celeba_hq_01516,celeba_hq_02516,1616
1517,eyes,"[0, 1]",celeba_hq_01517,celeba_hq_02517,1617
1518,eyes,"[0, 1]",celeba_hq_01518,celeba_hq_02518,1618
1519,eyes,"[0, 1]",celeba_hq_01519,celeba_hq_02519,1619
1520,eyes,"[0, 1]",celeba_hq_01520,celeba_hq_02520,1620
1521,eyes,"[0, 1]",celeba_hq_01521,celeba_hq_02521,1621
1522,eyes,"[0, 1]",celeba_hq_01522,celeba_hq_02522,1622
1523,eyes,"[0, 1]",celeba_hq_01523,celeba_hq_02523,1623
1524,eyes,"[0, 1]",celeba_hq_01524,celeba_hq_02524,1624
1525,eyes,"[0, 1]",celeba_hq_01525,celeba_hq_02525,1625
1526,eyes,"[0, 1]",celeba_hq_01526,celeba_hq_02526,1626
1527,eyes,"[0, 1]",celeba_hq_01527,celeba_hq_02527,1627
1528,eyes,"[0, 1]",celeba_hq_01528,celeba_hq_02528,1628
1529,eyes,"[0, 1]",celeba_hq_01529,celeba_hq_02529,1629
1530,eyes,"[0, 1]",celeba_hq_01530,celeba_hq_02530,1630
1531,eyes,"[0, 1]",celeba_hq_01531,celeba_hq_02531,1631
1532,eyes,"[0, 1]",celeba_hq_01532,celeba_hq_02532,1632
1533,eyes,"[0, 1]",celeba_hq_01533,celeba_hq_02533,1633
1534,eyes,"[0, 1]",celeba_hq_01534,celeba_hq_02534,1634
1535,eyes,"[0, 1]",celeba_hq_01535,celeba_hq_02535,1635
1536,eyes,"[0, 1]",celeba_hq_01536,celeba_hq_02536,1636
1537,eyes,"[0, 1]",celeba_hq_01537,celeba_hq_02537,1637
1538,eyes,"[0, 1]",celeba_hq_01538,celeba_hq_02538,1638
1539,eyes,"[0, 1]",celeba_hq_01539,celeba_hq_02539,1639
1540,eyes,"[0, 1]",celeba_hq_01540,celeba_hq_02540,1640
1541,eyes,"[0, 1]",celeba_hq_01541,celeba_hq_02541,1641
1542,eyes,"[0, 1]",celeba_hq_01542,celeba_hq_02542,1642
1543,eyes,"[0, 1]",celeba_hq_01543,celeba_hq_02543,1643
1544,eyes,"[0, 1]",celeba_hq_01544,celeba_hq_02544,1644
1545,eyes,"[0, 1]",celeba_hq_01545,celeba_hq_02545,1645
1546,eyes,"[0, 1]",celeba_hq_01546,celeba_hq_02546,1646
1547,eyes,"[0, 1]",celeba_hq_01547,celeba_hq_02547,1647
1548,eyes,"[0, 1]",celeba_hq_01548,celeba_hq_02548,1648
1549,eyes,"[0, 1]",celeba_hq_01549,celeba_hq_02549,1649
1550,eyes,"[0, 1]",celeba_hq_01550,celeba_hq_02550,1650
1551,eyes,"[0, 1]",celeba_hq_01551,celeba_hq_02551,1651
1552,eyes,"[0, 1]",celeba_hq_01552,celeba_hq_02552,1652
1553,eyes,"[0, 1]",celeba_hq_01553,celeba_hq_02553,1653
1554,eyes,"[0, 1]",celeba_hq_01554,celeba_hq_02554,1654
1555,eyes,"[0, 1]",celeba_hq_01555,celeba_hq_02555,1655
1556,eyes,"[0, 1]",celeba_hq_01556,celeba_hq_02556,1656
1557,eyes,"[0, 1]",celeba_hq_01557,celeba_hq_02557,1657
1558,eyes,"[0, 1]",celeba_hq_01558,celeba_hq_02558,1658
1559,eyes,"[0, 1]",celeba_hq_01559,celeba_hq_02559,1659
1560,eyes,"[0, 1]",celeba_hq_01560,celeba_hq_02560,1660
1561,eyes,"[0, 1]",celeba_hq_01561,celeba_hq_02561,1661
1562,eyes,"[0, 1]",celeba_hq_01562,celeba_hq_02562,1662
1563,eyes,"[0, 1]",celeba_hq_01563,celeba_hq_02563,1663
1564,eyes,"[0, 1]",celeba_hq_01564,celeba_hq_02564,1664
1565,eyes,"[0, 1]",celeba_hq_01565,celeba_hq_02565,1665
1566,eyes,"[0, 1]",celeba_hq_01566,celeba_hq_02566,1666
1567,eyes,"[0, 1]",celeba_hq_01567,celeba_hq_02567,1667
1568,eyes,"[0, 1]",celeba_hq_01568,celeba_hq_02568,1668
1569,eyes,"[0, 1]",celeba_hq_01569,celeba_hq_02569,1669
1570,eyes,"[0, 1]",celeba_hq_01570,celeba_hq_02570,1670
1571,eyes,"[0, 1]",celeba_hq_01571,celeba_hq_02571,1671
1572,eyes,"[0, 1]",celeba_hq_01572,celeba_hq_02572,1672
1573,eyes,"[0, 1]",celeba_hq_01573,celeba_hq_02573,1673
1574,eyes,"[0, 1]",celeba_hq_01574,celeba_hq_02574,1674
1575,eyes,"[0, 1]",celeba_hq_01575,celeba_hq_02575,1675
1576,eyes,"[0, 1]",celeba_hq_01576,celeba_hq_02576,1676
1577,eyes,"[0, 1]",celeba_hq_01577,celeba_hq_02577,1677
1578,eyes,"[0, 1]",celeba_hq_01578,celeba_hq_02578,1678
1579,eyes,"[0, 1]",celeba_hq_01579,celeba_hq_02579,1679
1580,eyes,"[0, 1]",celeba_hq_01580,celeba_hq_02580,1680
1581,eyes,"[0, 1]",celeba_hq_01581,celeba_hq_02581,1681
1582,eyes,"[0, 1]",celeba_hq_01582,celeba_hq_02582,1682
1583,eyes,"[0, 1]",celeba_hq_01583,celeba_hq_02583,1683
1584,eyes,"[0, 1]",celeba_hq_01584,celeba_hq_02584,1684
1585,eyes,"[0, 1]",celeba_hq_01585,celeba_hq_02585,1685
1586,eyes,"[0, 1]",celeba_hq_01586,celeba_hq_02586,1686
1587,eyes,"[0, 1]",celeba_hq_01587,celeba_hq_02587,1687
1588,eyes,"[0, 1]",celeba_hq_01588,celeba_hq_02588,1688
1589,eyes,"[0, 1]",celeba_hq_01589,celeba_hq_02589,1689
1590,eyes,"[0, 1]",celeba_hq_01590,celeba_hq_02590,1690
1591,eyes,"[0, 1]",celeba_hq_01591,celeba_hq_02591,1691
1592,eyes,"[0, 1]",celeba_hq_01592,celeba_hq_02592,1692
1593,eyes,"[0, 1]",celeba_hq_01593,celeba_hq_02593,1693
1594,eyes,"[0, 1]",celeba_hq_01594,celeba_hq_02594,1694
1595,eyes,"[0, 1]",celeba_hq_01595,celeba_hq_02595,1695
1596,eyes,"[0, 1]",celeba_hq_01596,celeba_hq_02596,1696
1597,eyes,"[0, 1]",celeba_hq_01597,celeba_hq_02597,1697
1598,eyes,"[0, 1]",celeba_hq_01598,celeba_hq_02598,1698
1599,eyes,"[0, 1]",celeba_hq_01599,celeba_hq_02599,1699
1600,eyes,"[0, 1]",celeba_hq_01600,celeba_hq_02600,1700
1601,eyes,"[0, 1]",celeba_hq_01601,celeba_hq_02601,1701
1602,eyes,"[0, 1]",celeba_hq_01602,celeba_hq_02602,1702
1603,eyes,"[0, 1]",celeba_hq_01603,celeba_hq_02603,1703
1604,eyes,"[0, 1]",celeba_hq_01604,celeba_hq_02604,1704
1605,eyes,"[0, 1]",celeba_hq_01605,celeba_hq_02605,1705
1606,eyes,"[0, 1]",celeba_hq_01606,celeba_hq_02606,1706
1607,eyes,"[0, 1]",celeba_hq_01607,celeba_hq_02607,1707
1608,eyes,"[0, 1]",celeba_hq_01608,celeba_hq_02608,1708
1609,eyes,"[0, 1]",celeba_hq_01609,celeba_hq_02609,1709
1610,eyes,"[0, 1]",celeba_hq_01610,celeba_hq_02610,1710
1611,eyes,"[0, 1]",celeba_hq_01611,celeba_hq_02611,1711
1612,eyes,"[0, 1]",celeba_hq_01612,celeba_hq_02612,1712
1613,eyes,"[0, 1]",celeba_hq_01613,celeba_hq_02613,1713
1614,eyes,"[0, 1]",celeba_hq_01614,celeba_hq_02614,1714
1615,eyes,"[0, 1]",celeba_hq_01615,celeba_hq_02615,1715
1616,eyes,"[0, 1]",celeba_hq_01616,celeba_hq_02616,1716
1617,eyes,"[0, 1]",celeba_hq_01617,celeba_hq_02617,1717
1618,eyes,"[0, 1]",celeba_hq_01618,celeba_hq_02618,1718
1619,eyes,"[0, 1]",celeba_hq_01619,celeba_hq_02619,1719
1620,eyes,"[0, 1]",celeba_hq_01620,celeba_hq_02620,1720
1621,eyes,"[0, 1]",celeba_hq_01621,celeba_hq_02621,1721
1622,eyes,"[0, 1]",celeba_hq_01622,celeba_hq_02622,1722
1623,eyes,"[0, 1]",celeba_hq_01623,celeba_hq_02623,1723
1624,eyes,"[0, 1]",celeba_hq_01624,celeba_hq_02624,1724
1625,eyes,"[0, 1]",celeba_hq_01625,celeba_hq_02625,1725
1626,eyes,"[0, 1]",celeba_hq_01626,celeba_hq_02626,1726
1627,eyes,"[0, 1]",celeba_hq_01627,celeba_hq_02627,1727
1628,eyes,"[0, 1]",celeba_hq_01628,celeba_hq_02628,1728
1629,eyes,"[0, 1]",celeba_hq_01629,celeba_hq_02629,1729
1630,eyes,"[0, 1]",celeba_hq_01630,celeba_hq_02630,1730
1631,eyes,"[0, 1]",celeba_hq_01631,celeba_hq_02631,1731
1632,eyes,"[0, 1]",celeba_hq_01632,celeba_hq_02632,1732
1633,eyes,"[0, 1]",celeba_hq_01633,celeba_hq_02633,1733
1634,eyes,"[0, 1]",celeba_hq_01634,celeba_hq_02634,1734
1635,eyes,"[0, 1]",celeba_hq_01635,celeba_hq_02635,1735
1636,eyes,"[0, 1]",celeba_hq_01636,celeba_hq_02636,1736
1637,eyes,"[0, 1]",celeba_hq_01637,celeba_hq_02637,1737
1638,eyes,"[0, 1]",celeba_hq_01638,celeba_hq_02638,1738
1639,eyes,"[0, 1]",celeba_hq_01639,celeba_hq_02639,1739
1640,eyes,"[0, 1]",celeba_hq_01640,celeba_hq_02640,1740
1641,eyes,"[0, 1]",celeba_hq_01641,celeba_hq_02641,1741
1642,eyes,"[0, 1]",celeba_hq_01642,celeba_hq_02642,1742
1643,eyes,"[0, 1]",celeba_hq_01643,celeba_hq_02643,1743
1644,eyes,"[0, 1]",celeba_hq_01644,celeba_hq_02644,1744
1645,eyes,"[0, 1]",celeba_hq_01645,celeba_hq_02645,1745
1646,eyes,"[0, 1]",celeba_hq_01646,celeba_hq_02646,1746
1647,eyes,"[0, 1]",celeba_hq_01647,celeba_hq_02647,1747
1648,eyes,"[0, 1]",celeba_hq_01648,celeba_hq_02648,1748
1649,eyes,"[0, 1]",celeba_hq_01649,celeba_hq_02649,1749
1650,eyes,"[0, 1]",celeba_hq_01650,celeba_hq_02650,1750
1651,eyes,"[0, 1]",celeba_hq_01651,celeba_hq_02651,1751
1652,eyes,"[0, 1]",celeba_hq_01652,celeba_hq_02652,1752
1653,eyes,"[0, 1]",celeba_hq_01653,celeba_hq_02653,1753
1654,eyes,"[0, 1]",celeba_hq_01654,celeba_hq_02654,1754
1655,eyes,"[0, 1]",celeba_hq_01655,celeba_hq_02655,1755
1656,eyes,"[0, 1]",celeba_hq_01656,celeba_hq_02656,1756
1657,eyes,"[0, 1]",celeba_hq_01657,celeba_hq_02657,1757
1658,eyes,"[0, 1]",celeba_hq_01658,celeba_hq_02658,1758
1659,eyes,"[0, 1]",celeba_hq_01659,celeba_hq_02659,1759
1660,eyes,"[0, 1]",celeba_hq_01660,celeba_hq_02660,1760
1661,eyes,"[0, 1]",celeba_hq_01661,celeba_hq_02661,1761
1662,eyes,"[0, 1]",celeba_hq_01662,celeba_hq_02662,1762
1663,eyes,"[0, 1]",celeba_hq_01663,celeba_hq_02663,1763
1664,eyes,"[0, 1]",celeba_hq_01664,celeba_hq_02664,1764
1665,eyes,"[0, 1]",celeba_hq_01665,celeba_hq_02665,1765
1666,eyes,"[0, 1]",celeba_hq_01666,celeba_hq_02666,1766
1667,mouth,[3],celeba_hq_00000,celeba_hq_01000,1767
1668,mouth,[3],celeba_hq_00001,celeba_hq_01001,1768
1669,mouth,[3],celeba_hq_00002,celeba_hq_01002,1769
1670,mouth,[3],celeba_hq_00003,celeba_hq_01003,1770
1671,mouth,[3],celeba_hq_00004,celeba_hq_01004,1771
1672,mouth,[3],celeba_hq_00005,celeba_hq_01005,1772
1673,mouth,[3],celeba_hq_00006,celeba_hq_01006,1773
1674,mouth,[3],celeba_hq_00007,celeba_hq_01007,1774
1675,mouth,[3],celeba_hq_00008,celeba_hq_01008,1775
1676,mouth,[3],celeba_hq_00009,celeba_hq_01009,1776
1677,mouth,[3],celeba_hq_00010,celeba_hq_01010,1777
1678,mouth,[3],celeba_hq_00011,celeba_hq_01011,1778
1679,mouth,[3],celeba_hq_00012,celeba_hq_01012,1779
1680,mouth,[3],celeba_hq_00013,celeba_hq_01013,1780
1681,mouth,[3],celeba_hq_00014,celeba_hq_01014,1781
1682,mouth,[3],celeba_hq_00015,celeba_hq_01015,1782
1683,mouth,[3],celeba_hq_00016,celeba_hq_01016,1783
1684,mouth,[3],celeba_hq_00017,celeba_hq_01017,1784
1685,mouth,[3],celeba_hq_00018,celeba_hq_01018,1785
1686,mouth,[3],celeba_hq_00019,celeba_hq_01019,1786
1687,mouth,[3],celeba_hq_00020,celeba_hq_01020,1787
1688,mouth,[3],celeba_hq_00021,celeba_hq_01021,1788
1689,mouth,[3],celeba_hq_00022,celeba_hq_01022,1789
1690,mouth,[3],celeba_hq_00023,celeba_hq_01023,1790
1691,mouth,[3],celeba_hq_00024,celeba_hq_01024,1791
1692,mouth,[3],celeba_hq_00025,celeba_hq_01025,1792
1693,mouth,[3],celeba_hq_00026,celeba_hq_01026,1793
1694,mouth,[3],celeba_hq_00027,celeba_hq_01027,1794
1695,mouth,[3],celeba_hq_00028,celeba_hq_01028,1795
1696,mouth,[3],celeba_hq_00029,celeba_hq_01029,1796
1697,mouth,[3],celeba_hq_00030,celeba_hq_01030,1797
1698,mouth,[3],celeba_hq_00031,celeba_hq_01031,1798
1699,mouth,[3],celeba_hq_00032,celeba_hq_01032,1799
1700,mouth,[3],celeba_hq_00033,celeba_hq_01033,1800
1701,mouth,[3],celeba_hq_00034,celeba_hq_01034,1801
1702,mouth,[3],celeba_hq_00035,celeba_hq_01035,1802
1703,mouth,[3],celeba_hq_00036,celeba_hq_01036,1803
1704,mouth,[3],celeba_hq_00037,celeba_hq_01037,1804
1705,mouth,[3],celeba_hq_00038,celeba_hq_01038,1805
1706,mouth,[3],celeba_hq_00039,celeba_hq_01039,1806
1707,mouth,[3],celeba_hq_00040,celeba_hq_01040,1807
1708,mouth,[3],celeba_hq_00041,celeba_hq_01041,1808
1709,mouth,[3],celeba_hq_00042,celeba_hq_01042,1809
1710,mouth,[3],celeba_hq_00043,celeba_hq_01043,1810
1711,mouth,[3],celeba_hq_00044,celeba_hq_01044,1811
1712,mouth,[3],celeba_hq_00045,celeba_hq_01045,1812
1713,mouth,[3],celeba_hq_00046,celeba_hq_01046,1813
1714,mouth,[3],celeba_hq_00047,celeba_hq_01047,1814
1715,mouth,[3],celeba_hq_00048,celeba_hq_01048,1815
1716,mouth,[3],celeba_hq_00049,celeba_hq_01049,1816
1717,mouth,[3],celeba_hq_00050,celeba_hq_01050,1817
1718,mouth,[3],celeba_hq_00051,celeba_hq_01051,1818
1719,mouth,[3],celeba_hq_00052,celeba_hq_01052,1819
1720,mouth,[3],celeba_hq_00053,celeba_hq_01053,1820
1721,mouth,[3],celeba_hq_00054,celeba_hq_01054,1821
1722,mouth,[3],celeba_hq_00055,celeba_hq_01055,1822
1723,mouth,[3],celeba_hq_00056,celeba_hq_01056,1823
1724,mouth,[3],celeba_hq_00057,celeba_hq_01057,1824
1725,mouth,[3],celeba_hq_00058,celeba_hq_01058,1825
1726,mouth,[3],celeba_hq_00059,celeba_hq_01059,1826
1727,mouth,[3],celeba_hq_00060,celeba_hq_01060,1827
1728,mouth,[3],celeba_hq_00061,celeba_hq_01061,1828
1729,mouth,[3],celeba_hq_00062,celeba_hq_01062,1829
1730,mouth,[3],celeba_hq_00063,celeba_hq_01063,1830
1731,mouth,[3],celeba_hq_00064,celeba_hq_01064,1831
1732,mouth,[3],celeba_hq_00065,celeba_hq_01065,1832
1733,mouth,[3],celeba_hq_00066,celeba_hq_01066,1833
1734,mouth,[3],celeba_hq_00067,celeba_hq_01067,1834
1735,mouth,[3],celeba_hq_00068,celeba_hq_01068,1835
1736,mouth,[3],celeba_hq_00069,celeba_hq_01069,1836
1737,mouth,[3],celeba_hq_00070,celeba_hq_01070,1837
1738,mouth,[3],celeba_hq_00071,celeba_hq_01071,1838
1739,mouth,[3],celeba_hq_00072,celeba_hq_01072,1839
1740,mouth,[3],celeba_hq_00073,celeba_hq_01073,1840
1741,mouth,[3],celeba_hq_00074,celeba_hq_01074,1841
1742,mouth,[3],celeba_hq_00075,celeba_hq_01075,1842
1743,mouth,[3],celeba_hq_00076,celeba_hq_01076,1843
1744,mouth,[3],celeba_hq_00077,celeba_hq_01077,1844
1745,mouth,[3],celeba_hq_00078,celeba_hq_01078,1845
1746,mouth,[3],celeba_hq_00079,celeba_hq_01079,1846
1747,mouth,[3],celeba_hq_00080,celeba_hq_01080,1847
1748,mouth,[3],celeba_hq_00081,celeba_hq_01081,1848
1749,mouth,[3],celeba_hq_00082,celeba_hq_01082,1849
1750,mouth,[3],celeba_hq_00083,celeba_hq_01083,1850
1751,mouth,[3],celeba_hq_00084,celeba_hq_01084,1851
1752,mouth,[3],celeba_hq_00085,celeba_hq_01085,1852
1753,mouth,[3],celeba_hq_00086,celeba_hq_01086,1853
1754,mouth,[3],celeba_hq_00087,celeba_hq_01087,1854
1755,mouth,[3],celeba_hq_00088,celeba_hq_01088,1855
1756,mouth,[3],celeba_hq_00089,celeba_hq_01089,1856
1757,mouth,[3],celeba_hq_00090,celeba_hq_01090,1857
1758,mouth,[3],celeba_hq_00091,celeba_hq_01091,1858
1759,mouth,[3],celeba_hq_00092,celeba_hq_01092,1859
1760,mouth,[3],celeba_hq_00093,celeba_hq_01093,1860
1761,mouth,[3],celeba_hq_00094,celeba_hq_01094,1861
1762,mouth,[3],celeba_hq_00095,celeba_hq_01095,1862
1763,mouth,[3],celeba_hq_00096,celeba_hq_01096,1863
1764,mouth,[3],celeba_hq_00097,celeba_hq_01097,1864
1765,mouth,[3],celeba_hq_00098,celeba_hq_01098,1865
1766,mouth,[3],celeba_hq_00099,celeba_hq_01099,1866
1767,mouth,[3],celeba_hq_00100,celeba_hq_01100,1867
1768,mouth,[3],celeba_hq_00101,celeba_hq_01101,1868
1769,mouth,[3],celeba_hq_00102,celeba_hq_01102,1869
1770,mouth,[3],celeba_hq_00103,celeba_hq_01103,1870
1771,mouth,[3],celeba_hq_00104,celeba_hq_01104,1871
1772,mouth,[3],celeba_hq_00105,celeba_hq_01105,1872
1773,mouth,[3],celeba_hq_00106,celeba_hq_01106,1873
1774,mouth,[3],celeba_hq_00107,celeba_hq_01107,1874
1775,mouth,[3],celeba_hq_00108,celeba_hq_01108,1875
1776,mouth,[3],celeba_hq_00109,celeba_hq_01109,1876
1777,mouth,[3],celeba_hq_00110,celeba_hq_01110,1877
1778,mouth,[3],celeba_hq_00111,celeba_hq_01111,1878
1779,mouth,[3],celeba_hq_00112,celeba_hq_01112,1879
1780,mouth,[3],celeba_hq_00113,celeba_hq_01113,1880
1781,mouth,[3],celeba_hq_00114,celeba_hq_01114,1881
1782,mouth,[3],celeba_hq_00115,celeba_hq_01115,1882
1783,mouth,[3],celeba_hq_00116,celeba_hq_01116,1883
1784,mouth,[3],celeba_hq_00117,celeba_hq_01117,1884
1785,mouth,[3],celeba_hq_00118,celeba_hq_01118,1885
1786,mouth,[3],celeba_hq_00119,celeba_hq_01119,1886
1787,mouth,[3],celeba_hq_00120,celeba_hq_01120,1887
1788,mouth,[3],celeba_hq_00121,celeba_hq_01121,1888
1789,mouth,[3],celeba_hq_00122,celeba_hq_01122,1889
1790,mouth,[3],celeba_hq_00123,celeba_hq_01123,1890
1791,mouth,[3],celeba_hq_00124,celeba_hq_01124,1891
1792,mouth,[3],celeba_hq_00125,celeba_hq_01125,1892
1793,mouth,[3],celeba_hq_00126,celeba_hq_01126,1893
1794,mouth,[3],celeba_hq_00127,celeba_hq_01127,1894
1795,mouth,[3],celeba_hq_00128,celeba_hq_01128,1895
1796,mouth,[3],celeba_hq_00129,celeba_hq_01129,1896
1797,mouth,[3],celeba_hq_00130,celeba_hq_01130,1897
1798,mouth,[3],celeba_hq_00131,celeba_hq_01131,1898
1799,mouth,[3],celeba_hq_00132,celeba_hq_01132,1899
1800,mouth,[3],celeba_hq_00133,celeba_hq_01133,1900
1801,mouth,[3],celeba_hq_00134,celeba_hq_01134,1901
1802,mouth,[3],celeba_hq_00135,celeba_hq_01135,1902
1803,mouth,[3],celeba_hq_00136,celeba_hq_01136,1903
1804,mouth,[3],celeba_hq_00137,celeba_hq_01137,1904
1805,mouth,[3],celeba_hq_00138,celeba_hq_01138,1905
1806,mouth,[3],celeba_hq_00139,celeba_hq_01139,1906
1807,mouth,[3],celeba_hq_00140,celeba_hq_01140,1907
1808,mouth,[3],celeba_hq_00141,celeba_hq_01141,1908
1809,mouth,[3],celeba_hq_00142,celeba_hq_01142,1909
1810,mouth,[3],celeba_hq_00143,celeba_hq_01143,1910
1811,mouth,[3],celeba_hq_00144,celeba_hq_01144,1911
1812,mouth,[3],celeba_hq_00145,celeba_hq_01145,1912
1813,mouth,[3],celeba_hq_00146,celeba_hq_01146,1913
1814,mouth,[3],celeba_hq_00147,celeba_hq_01147,1914
1815,mouth,[3],celeba_hq_00148,celeba_hq_01148,1915
1816,mouth,[3],celeba_hq_00149,celeba_hq_01149,1916
1817,mouth,[3],celeba_hq_00150,celeba_hq_01150,1917
1818,mouth,[3],celeba_hq_00151,celeba_hq_01151,1918
1819,mouth,[3],celeba_hq_00152,celeba_hq_01152,1919
1820,mouth,[3],celeba_hq_00153,celeba_hq_01153,1920
1821,mouth,[3],celeba_hq_00154,celeba_hq_01154,1921
1822,mouth,[3],celeba_hq_00155,celeba_hq_01155,1922
1823,mouth,[3],celeba_hq_00156,celeba_hq_01156,1923
1824,mouth,[3],celeba_hq_00157,celeba_hq_01157,1924
1825,mouth,[3],celeba_hq_00158,celeba_hq_01158,1925
1826,mouth,[3],celeba_hq_00159,celeba_hq_01159,1926
1827,mouth,[3],celeba_hq_00160,celeba_hq_01160,1927
1828,mouth,[3],celeba_hq_00161,celeba_hq_01161,1928
1829,mouth,[3],celeba_hq_00162,celeba_hq_01162,1929
1830,mouth,[3],celeba_hq_00163,celeba_hq_01163,1930
1831,mouth,[3],celeba_hq_00164,celeba_hq_01164,1931
1832,mouth,[3],celeba_hq_00165,celeba_hq_01165,1932
1833,mouth,[3],celeba_hq_00166,celeba_hq_01166,1933
1834,mouth,[3],celeba_hq_00167,celeba_hq_01167,1934
1835,mouth,[3],celeba_hq_00168,celeba_hq_01168,1935
1836,mouth,[3],celeba_hq_00169,celeba_hq_01169,1936
1837,mouth,[3],celeba_hq_00170,celeba_hq_01170,1937
1838,mouth,[3],celeba_hq_00171,celeba_hq_01171,1938
1839,mouth,[3],celeba_hq_00172,celeba_hq_01172,1939
1840,mouth,[3],celeba_hq_00173,celeba_hq_01173,1940
1841,mouth,[3],celeba_hq_00174,celeba_hq_01174,1941
1842,mouth,[3],celeba_hq_00175,celeba_hq_01175,1942
1843,mouth,[3],celeba_hq_00176,celeba_hq_01176,1943
1844,mouth,[3],celeba_hq_00177,celeba_hq_01177,1944
1845,mouth,[3],celeba_hq_00178,celeba_hq_01178,1945
1846,mouth,[3],celeba_hq_00179,celeba_hq_01179,1946
1847,mouth,[3],celeba_hq_00180,celeba_hq_01180,1947
1848,mouth,[3],celeba_hq_00181,celeba_hq_01181,1948
1849,mouth,[3],celeba_hq_00182,celeba_hq_01182,1949
1850,mouth,[3],celeba_hq_00183,celeba_hq_01183,1950
1851,mouth,[3],celeba_hq_00184,celeba_hq_01184,1951
1852,mouth,[3],celeba_hq_00185,celeba_hq_01185,1952
1853,mouth,[3],celeba_hq_00186,celeba_hq_01186,1953
1854,mouth,[3],celeba_hq_00187,celeba_hq_01187,1954
1855,mouth,[3],celeba_hq_00188,celeba_hq_01188,1955
1856,mouth,[3],celeba_hq_00189,celeba_hq_01189,1956
1857,mouth,[3],celeba_hq_00190,celeba_hq_01190,1957
1858,mouth,[3],celeba_hq_00191,celeba_hq_01191,1958
1859,mouth,[3],celeba_hq_00192,celeba_hq_01192,1959
1860,mouth,[3],celeba_hq_00193,celeba_hq_01193,1960
1861,mouth,[3],celeba_hq_00194,celeba_hq_01194,1961
1862,mouth,[3],celeba_hq_00195,celeba_hq_01195,1962
1863,mouth,[3],celeba_hq_00196,celeba_hq_01196,1963
1864,mouth,[3],celeba_hq_00197,celeba_hq_01197,1964
1865,mouth,[3],celeba_hq_00198,celeba_hq_01198,1965
1866,mouth,[3],celeba_hq_00199,celeba_hq_01199,1966
1867,mouth,[3],celeba_hq_00200,celeba_hq_01200,1967
1868,mouth,[3],celeba_hq_00201,celeba_hq_01201,1968
1869,mouth,[3],celeba_hq_00202,celeba_hq_01202,1969
1870,mouth,[3],celeba_hq_00203,celeba_hq_01203,1970
1871,mouth,[3],celeba_hq_00204,celeba_hq_01204,1971
1872,mouth,[3],celeba_hq_00205,celeba_hq_01205,1972
1873,mouth,[3],celeba_hq_00206,celeba_hq_01206,1973
1874,mouth,[3],celeba_hq_00207,celeba_hq_01207,1974
1875,mouth,[3],celeba_hq_00208,celeba_hq_01208,1975
1876,mouth,[3],celeba_hq_00209,celeba_hq_01209,1976
1877,mouth,[3],celeba_hq_00210,celeba_hq_01210,1977
1878,mouth,[3],celeba_hq_00211,celeba_hq_01211,1978
1879,mouth,[3],celeba_hq_00212,celeba_hq_01212,1979
1880,mouth,[3],celeba_hq_00213,celeba_hq_01213,1980
1881,mouth,[3],celeba_hq_00214,celeba_hq_01214,1981
1882,mouth,[3],celeba_hq_00215,celeba_hq_01215,1982
1883,mouth,[3],celeba_hq_00216,celeba_hq_01216,1983
1884,mouth,[3],celeba_hq_00217,celeba_hq_01217,1984
1885,mouth,[3],celeba_hq_00218,celeba_hq_01218,1985
1886,mouth,[3],celeba_hq_00219,celeba_hq_01219,1986
1887,mouth,[3],celeba_hq_00220,celeba_hq_01220,1987
1888,mouth,[3],celeba_hq_00221,celeba_hq_01221,1988
1889,mouth,[3],celeba_hq_00222,celeba_hq_01222,1989
1890,mouth,[3],celeba_hq_00223,celeba_hq_01223,1990
1891,mouth,[3],celeba_hq_00224,celeba_hq_01224,1991
1892,mouth,[3],celeba_hq_00225,celeba_hq_01225,1992
1893,mouth,[3],celeba_hq_00226,celeba_hq_01226,1993
1894,mouth,[3],celeba_hq_00227,celeba_hq_01227,1994
1895,mouth,[3],celeba_hq_00228,celeba_hq_01228,1995
1896,mouth,[3],celeba_hq_00229,celeba_hq_01229,1996
1897,mouth,[3],celeba_hq_00230,celeba_hq_01230,1997
1898,mouth,[3],celeba_hq_00231,celeba_hq_01231,1998
1899,mouth,[3],celeba_hq_00232,celeba_hq_01232,1999
1900,mouth,[3],celeba_hq_00233,celeba_hq_01233,2000
1901,mouth,[3],celeba_hq_00234,celeba_hq_01234,2001
1902,mouth,[3],celeba_hq_00235,celeba_hq_01235,2002
1903,mouth,[3],celeba_hq_00236,celeba_hq_01236,2003
1904,mouth,[3],celeba_hq_00237,celeba_hq_01237,2004
1905,mouth,[3],celeba_hq_00238,celeba_hq_01238,2005
1906,mouth,[3],celeba_hq_00239,celeba_hq_01239,2006
1907,mouth,[3],celeba_hq_00240,celeba_hq_01240,2007
1908,mouth,[3],celeba_hq_00241,celeba_hq_01241,2008
1909,mouth,[3],celeba_hq_00242,celeba_hq_01242,2009
1910,mouth,[3],celeba_hq_00243,celeba_hq_01243,2010
1911,mouth,[3],celeba_hq_00244,celeba_hq_01244,2011
1912,mouth,[3],celeba_hq_00245,celeba_hq_01245,2012
1913,mouth,[3],celeba_hq_00246,celeba_hq_01246,2013
1914,mouth,[3],celeba_hq_00247,celeba_hq_01247,2014
1915,mouth,[3],celeba_hq_00248,celeba_hq_01248,2015
1916,mouth,[3],celeba_hq_00249,celeba_hq_01249,2016
1917,mouth,[3],celeba_hq_00250,celeba_hq_01250,2017
1918,mouth,[3],celeba_hq_00251,celeba_hq_01251,2018
1919,mouth,[3],celeba_hq_00252,celeba_hq_01252,2019
1920,mouth,[3],celeba_hq_00253,celeba_hq_01253,2020
1921,mouth,[3],celeba_hq_00254,celeba_hq_01254,2021
1922,mouth,[3],celeba_hq_00255,celeba_hq_01255,2022
1923,mouth,[3],celeba_hq_00256,celeba_hq_01256,2023
1924,mouth,[3],celeba_hq_00257,celeba_hq_01257,2024
1925,mouth,[3],celeba_hq_00258,celeba_hq_01258,2025
1926,mouth,[3],celeba_hq_00259,celeba_hq_01259,2026
1927,mouth,[3],celeba_hq_00260,celeba_hq_01260,2027
1928,mouth,[3],celeba_hq_00261,celeba_hq_01261,2028
1929,mouth,[3],celeba_hq_00262,celeba_hq_01262,2029
1930,mouth,[3],celeba_hq_00263,celeba_hq_01263,2030
1931,mouth,[3],celeba_hq_00264,celeba_hq_01264,2031
1932,mouth,[3],celeba_hq_00265,celeba_hq_01265,2032
1933,mouth,[3],celeba_hq_00266,celeba_hq_01266,2033
1934,mouth,[3],celeba_hq_00267,celeba_hq_01267,2034
1935,mouth,[3],celeba_hq_00268,celeba_hq_01268,2035
1936,mouth,[3],celeba_hq_00269,celeba_hq_01269,2036
1937,mouth,[3],celeba_hq_00270,celeba_hq_01270,2037
1938,mouth,[3],celeba_hq_00271,celeba_hq_01271,2038
1939,mouth,[3],celeba_hq_00272,celeba_hq_01272,2039
1940,mouth,[3],celeba_hq_00273,celeba_hq_01273,2040
1941,mouth,[3],celeba_hq_00274,celeba_hq_01274,2041
1942,mouth,[3],celeba_hq_00275,celeba_hq_01275,2042
1943,mouth,[3],celeba_hq_00276,celeba_hq_01276,2043
1944,mouth,[3],celeba_hq_00277,celeba_hq_01277,2044
1945,mouth,[3],celeba_hq_00278,celeba_hq_01278,2045
1946,mouth,[3],celeba_hq_00279,celeba_hq_01279,2046
1947,mouth,[3],celeba_hq_00280,celeba_hq_01280,2047
1948,mouth,[3],celeba_hq_00281,celeba_hq_01281,2048
1949,mouth,[3],celeba_hq_00282,celeba_hq_01282,2049
1950,mouth,[3],celeba_hq_00283,celeba_hq_01283,2050
1951,mouth,[3],celeba_hq_00284,celeba_hq_01284,2051
1952,mouth,[3],celeba_hq_00285,celeba_hq_01285,2052
1953,mouth,[3],celeba_hq_00286,celeba_hq_01286,2053
1954,mouth,[3],celeba_hq_00287,celeba_hq_01287,2054
1955,mouth,[3],celeba_hq_00288,celeba_hq_01288,2055
1956,mouth,[3],celeba_hq_00289,celeba_hq_01289,2056
1957,mouth,[3],celeba_hq_00290,celeba_hq_01290,2057
1958,mouth,[3],celeba_hq_00291,celeba_hq_01291,2058
1959,mouth,[3],celeba_hq_00292,celeba_hq_01292,2059
1960,mouth,[3],celeba_hq_00293,celeba_hq_01293,2060
1961,mouth,[3],celeba_hq_00294,celeba_hq_01294,2061
1962,mouth,[3],celeba_hq_00295,celeba_hq_01295,2062
1963,mouth,[3],celeba_hq_00296,celeba_hq_01296,2063
1964,mouth,[3],celeba_hq_00297,celeba_hq_01297,2064
1965,mouth,[3],celeba_hq_00298,celeba_hq_01298,2065
1966,mouth,[3],celeba_hq_00299,celeba_hq_01299,2066
1967,mouth,[3],celeba_hq_00300,celeba_hq_01300,2067
1968,mouth,[3],celeba_hq_00301,celeba_hq_01301,2068
1969,mouth,[3],celeba_hq_00302,celeba_hq_01302,2069
1970,mouth,[3],celeba_hq_00303,celeba_hq_01303,2070
1971,mouth,[3],celeba_hq_00304,celeba_hq_01304,2071
1972,mouth,[3],celeba_hq_00305,celeba_hq_01305,2072
1973,mouth,[3],celeba_hq_00306,celeba_hq_01306,2073
1974,mouth,[3],celeba_hq_00307,celeba_hq_01307,2074
1975,mouth,[3],celeba_hq_00308,celeba_hq_01308,2075
1976,mouth,[3],celeba_hq_00309,celeba_hq_01309,2076
1977,mouth,[3],celeba_hq_00310,celeba_hq_01310,2077
1978,mouth,[3],celeba_hq_00311,celeba_hq_01311,2078
1979,mouth,[3],celeba_hq_00312,celeba_hq_01312,2079
1980,mouth,[3],celeba_hq_00313,celeba_hq_01313,2080
1981,mouth,[3],celeba_hq_00314,celeba_hq_01314,2081
1982,mouth,[3],celeba_hq_00315,celeba_hq_01315,2082
1983,mouth,[3],celeba_hq_00316,celeba_hq_01316,2083
1984,mouth,[3],celeba_hq_00317,celeba_hq_01317,2084
1985,mouth,[3],celeba_hq_00318,celeba_hq_01318,2085
1986,mouth,[3],celeba_hq_00319,celeba_hq_01319,2086
1987,mouth,[3],celeba_hq_00320,celeba_hq_01320,2087
1988,mouth,[3],celeba_hq_00321,celeba_hq_01321,2088
1989,mouth,[3],celeba_hq_00322,celeba_hq_01322,2089
1990,mouth,[3],celeba_hq_00323,celeba_hq_01323,2090
1991,mouth,[3],celeba_hq_00324,celeba_hq_01324,2091
1992,mouth,[3],celeba_hq_00325,celeba_hq_01325,2092
1993,mouth,[3],celeba_hq_00326,celeba_hq_01326,2093
1994,mouth,[3],celeba_hq_00327,celeba_hq_01327,2094
1995,mouth,[3],celeba_hq_00328,celeba_hq_01328,2095
1996,mouth,[3],celeba_hq_00329,celeba_hq_01329,2096
1997,mouth,[3],celeba_hq_00330,celeba_hq_01330,2097
1998,mouth,[3],celeba_hq_00331,celeba_hq_01331,2098
1999,mouth,[3],celeba_hq_00332,celeba_hq_01332,2099
2000,mouth,[3],celeba_hq_00333,celeba_hq_01333,2100
2001,mouth,[3],celeba_hq_00334,celeba_hq_01334,2101
2002,mouth,[3],celeba_hq_00335,celeba_hq_01335,2102
2003,mouth,[3],celeba_hq_00336,celeba_hq_01336,2103
2004,mouth,[3],celeba_hq_00337,celeba_hq_01337,2104
2005,mouth,[3],celeba_hq_00338,celeba_hq_01338,2105
2006,mouth,[3],celeba_hq_00339,celeba_hq_01339,2106
2007,mouth,[3],celeba_hq_00340,celeba_hq_01340,2107
2008,mouth,[3],celeba_hq_00341,celeba_hq_01341,2108
2009,mouth,[3],celeba_hq_00342,celeba_hq_01342,2109
2010,mouth,[3],celeba_hq_00343,celeba_hq_01343,2110
2011,mouth,[3],celeba_hq_00344,celeba_hq_01344,2111
2012,mouth,[3],celeba_hq_00345,celeba_hq_01345,2112
2013,mouth,[3],celeba_hq_00346,celeba_hq_01346,2113
2014,mouth,[3],celeba_hq_00347,celeba_hq_01347,2114
2015,mouth,[3],celeba_hq_00348,celeba_hq_01348,2115
2016,mouth,[3],celeba_hq_00349,celeba_hq_01349,2116
2017,mouth,[3],celeba_hq_00350,celeba_hq_01350,2117
2018,mouth,[3],celeba_hq_00351,celeba_hq_01351,2118
2019,mouth,[3],celeba_hq_00352,celeba_hq_01352,2119
2020,mouth,[3],celeba_hq_00353,celeba_hq_01353,2120
2021,mouth,[3],celeba_hq_00354,celeba_hq_01354,2121
2022,mouth,[3],celeba_hq_00355,celeba_hq_01355,2122
2023,mouth,[3],celeba_hq_00356,celeba_hq_01356,2123
2024,mouth,[3],celeba_hq_00357,celeba_hq_01357,2124
2025,mouth,[3],celeba_hq_00358,celeba_hq_01358,2125
2026,mouth,[3],celeba_hq_00359,celeba_hq_01359,2126
2027,mouth,[3],celeba_hq_00360,celeba_hq_01360,2127
2028,mouth,[3],celeba_hq_00361,celeba_hq_01361,2128
2029,mouth,[3],celeba_hq_00362,celeba_hq_01362,2129
2030,mouth,[3],celeba_hq_00363,celeba_hq_01363,2130
2031,mouth,[3],celeba_hq_00364,celeba_hq_01364,2131
2032,mouth,[3],celeba_hq_00365,celeba_hq_01365,2132
2033,mouth,[3],celeba_hq_00366,celeba_hq_01366,2133
2034,mouth,[3],celeba_hq_00367,celeba_hq_01367,2134
2035,mouth,[3],celeba_hq_00368,celeba_hq_01368,2135
2036,mouth,[3],celeba_hq_00369,celeba_hq_01369,2136
2037,mouth,[3],celeba_hq_00370,celeba_hq_01370,2137
2038,mouth,[3],celeba_hq_00371,celeba_hq_01371,2138
2039,mouth,[3],celeba_hq_00372,celeba_hq_01372,2139
2040,mouth,[3],celeba_hq_00373,celeba_hq_01373,2140
2041,mouth,[3],celeba_hq_00374,celeba_hq_01374,2141
2042,mouth,[3],celeba_hq_00375,celeba_hq_01375,2142
2043,mouth,[3],celeba_hq_00376,celeba_hq_01376,2143
2044,mouth,[3],celeba_hq_00377,celeba_hq_01377,2144
2045,mouth,[3],celeba_hq_00378,celeba_hq_01378,2145
2046,mouth,[3],celeba_hq_00379,celeba_hq_01379,2146
2047,mouth,[3],celeba_hq_00380,celeba_hq_01380,2147
2048,mouth,[3],celeba_hq_00381,celeba_hq_01381,2148
2049,mouth,[3],celeba_hq_00382,celeba_hq_01382,2149
2050,mouth,[3],celeba_hq_00383,celeba_hq_01383,2150
2051,mouth,[3],celeba_hq_00384,celeba_hq_01384,2151
2052,mouth,[3],celeba_hq_00385,celeba_hq_01385,2152
2053,mouth,[3],celeba_hq_00386,celeba_hq_01386,2153
2054,mouth,[3],celeba_hq_00387,celeba_hq_01387,2154
2055,mouth,[3],celeba_hq_00388,celeba_hq_01388,2155
2056,mouth,[3],celeba_hq_00389,celeba_hq_01389,2156
2057,mouth,[3],celeba_hq_00390,celeba_hq_01390,2157
2058,mouth,[3],celeba_hq_00391,celeba_hq_01391,2158
2059,mouth,[3],celeba_hq_00392,celeba_hq_01392,2159
2060,mouth,[3],celeba_hq_00393,celeba_hq_01393,2160
2061,mouth,[3],celeba_hq_00394,celeba_hq_01394,2161
2062,mouth,[3],celeba_hq_00395,celeba_hq_01395,2162
2063,mouth,[3],celeba_hq_00396,celeba_hq_01396,2163
2064,mouth,[3],celeba_hq_00397,celeba_hq_01397,2164
2065,mouth,[3],celeba_hq_00398,celeba_hq_01398,2165
2066,mouth,[3],celeba_hq_00399,celeba_hq_01399,2166
2067,mouth,[3],celeba_hq_00400,celeba_hq_01400,2167
2068,mouth,[3],celeba_hq_00401,celeba_hq_01401,2168
2069,mouth,[3],celeba_hq_00402,celeba_hq_01402,2169
2070,mouth,[3],celeba_hq_00403,celeba_hq_01403,2170
2071,mouth,[3],celeba_hq_00404,celeba_hq_01404,2171
2072,mouth,[3],celeba_hq_00405,celeba_hq_01405,2172
2073,mouth,[3],celeba_hq_00406,celeba_hq_01406,2173
2074,mouth,[3],celeba_hq_00407,celeba_hq_01407,2174
2075,mouth,[3],celeba_hq_00408,celeba_hq_01408,2175
2076,mouth,[3],celeba_hq_00409,celeba_hq_01409,2176
2077,mouth,[3],celeba_hq_00410,celeba_hq_01410,2177
2078,mouth,[3],celeba_hq_00411,celeba_hq_01411,2178
2079,mouth,[3],celeba_hq_00412,celeba_hq_01412,2179
2080,mouth,[3],celeba_hq_00413,celeba_hq_01413,2180
2081,mouth,[3],celeba_hq_00414,celeba_hq_01414,2181
2082,mouth,[3],celeba_hq_00415,celeba_hq_01415,2182
2083,mouth,[3],celeba_hq_00416,celeba_hq_01416,2183
2084,mouth,[3],celeba_hq_00417,celeba_hq_01417,2184
2085,mouth,[3],celeba_hq_00418,celeba_hq_01418,2185
2086,mouth,[3],celeba_hq_00419,celeba_hq_01419,2186
2087,mouth,[3],celeba_hq_00420,celeba_hq_01420,2187
2088,mouth,[3],celeba_hq_00421,celeba_hq_01421,2188
2089,mouth,[3],celeba_hq_00422,celeba_hq_01422,2189
2090,mouth,[3],celeba_hq_00423,celeba_hq_01423,2190
2091,mouth,[3],celeba_hq_00424,celeba_hq_01424,2191
2092,mouth,[3],celeba_hq_00425,celeba_hq_01425,2192
2093,mouth,[3],celeba_hq_00426,celeba_hq_01426,2193
2094,mouth,[3],celeba_hq_00427,celeba_hq_01427,2194
2095,mouth,[3],celeba_hq_00428,celeba_hq_01428,2195
2096,mouth,[3],celeba_hq_00429,celeba_hq_01429,2196
2097,mouth,[3],celeba_hq_00430,celeba_hq_01430,2197
2098,mouth,[3],celeba_hq_00431,celeba_hq_01431,2198
2099,mouth,[3],celeba_hq_00432,celeba_hq_01432,2199
2100,mouth,[3],celeba_hq_00433,celeba_hq_01433,2200
2101,mouth,[3],celeba_hq_00434,celeba_hq_01434,2201
2102,mouth,[3],celeba_hq_00435,celeba_hq_01435,2202
2103,mouth,[3],celeba_hq_00436,celeba_hq_01436,2203
2104,mouth,[3],celeba_hq_00437,celeba_hq_01437,2204
2105,mouth,[3],celeba_hq_00438,celeba_hq_01438,2205
2106,mouth,[3],celeba_hq_00439,celeba_hq_01439,2206
2107,mouth,[3],celeba_hq_00440,celeba_hq_01440,2207
2108,mouth,[3],celeba_hq_00441,celeba_hq_01441,2208
2109,mouth,[3],celeba_hq_00442,celeba_hq_01442,2209
2110,mouth,[3],celeba_hq_00443,celeba_hq_01443,2210
2111,mouth,[3],celeba_hq_00444,celeba_hq_01444,2211
2112,mouth,[3],celeba_hq_00445,celeba_hq_01445,2212
2113,mouth,[3],celeba_hq_00446,celeba_hq_01446,2213
2114,mouth,[3],celeba_hq_00447,celeba_hq_01447,2214
2115,mouth,[3],celeba_hq_00448,celeba_hq_01448,2215
2116,mouth,[3],celeba_hq_00449,celeba_hq_01449,2216
2117,mouth,[3],celeba_hq_00450,celeba_hq_01450,2217
2118,mouth,[3],celeba_hq_00451,celeba_hq_01451,2218
2119,mouth,[3],celeba_hq_00452,celeba_hq_01452,2219
2120,mouth,[3],celeba_hq_00453,celeba_hq_01453,2220
2121,mouth,[3],celeba_hq_00454,celeba_hq_01454,2221
2122,mouth,[3],celeba_hq_00455,celeba_hq_01455,2222
2123,mouth,[3],celeba_hq_00456,celeba_hq_01456,2223
2124,mouth,[3],celeba_hq_00457,celeba_hq_01457,2224
2125,mouth,[3],celeba_hq_00458,celeba_hq_01458,2225
2126,mouth,[3],celeba_hq_00459,celeba_hq_01459,2226
2127,mouth,[3],celeba_hq_00460,celeba_hq_01460,2227
2128,mouth,[3],celeba_hq_00461,celeba_hq_01461,2228
2129,mouth,[3],celeba_hq_00462,celeba_hq_01462,2229
2130,mouth,[3],celeba_hq_00463,celeba_hq_01463,2230
2131,mouth,[3],celeba_hq_00464,celeba_hq_01464,2231
2132,mouth,[3],celeba_hq_00465,celeba_hq_01465,2232
2133,mouth,[3],celeba_hq_00466,celeba_hq_01466,2233
2134,mouth,[3],celeba_hq_00467,celeba_hq_01467,2234
2135,mouth,[3],celeba_hq_00468,celeba_hq_01468,2235
2136,mouth,[3],celeba_hq_00469,celeba_hq_01469,2236
2137,mouth,[3],celeba_hq_00470,celeba_hq_01470,2237
2138,mouth,[3],celeba_hq_00471,celeba_hq_01471,2238
2139,mouth,[3],celeba_hq_00472,celeba_hq_01472,2239
2140,mouth,[3],celeba_hq_00473,celeba_hq_01473,2240
2141,mouth,[3],celeba_hq_00474,celeba_hq_01474,2241
2142,mouth,[3],celeba_hq_00475,celeba_hq_01475,2242
2143,mouth,[3],celeba_hq_00476,celeba_hq_01476,2243
2144,mouth,[3],celeba_hq_00477,celeba_hq_01477,2244
2145,mouth,[3],celeba_hq_00478,celeba_hq_01478,2245
2146,mouth,[3],celeba_hq_00479,celeba_hq_01479,2246
2147,mouth,[3],celeba_hq_00480,celeba_hq_01480,2247
2148,mouth,[3],celeba_hq_00481,celeba_hq_01481,2248
2149,mouth,[3],celeba_hq_00482,celeba_hq_01482,2249
2150,mouth,[3],celeba_hq_00483,celeba_hq_01483,2250
2151,mouth,[3],celeba_hq_00484,celeba_hq_01484,2251
2152,mouth,[3],celeba_hq_00485,celeba_hq_01485,2252
2153,mouth,[3],celeba_hq_00486,celeba_hq_01486,2253
2154,mouth,[3],celeba_hq_00487,celeba_hq_01487,2254
2155,mouth,[3],celeba_hq_00488,celeba_hq_01488,2255
2156,mouth,[3],celeba_hq_00489,celeba_hq_01489,2256
2157,mouth,[3],celeba_hq_00490,celeba_hq_01490,2257
2158,mouth,[3],celeba_hq_00491,celeba_hq_01491,2258
2159,mouth,[3],celeba_hq_00492,celeba_hq_01492,2259
2160,mouth,[3],celeba_hq_00493,celeba_hq_01493,2260
2161,mouth,[3],celeba_hq_00494,celeba_hq_01494,2261
2162,mouth,[3],celeba_hq_00495,celeba_hq_01495,2262
2163,mouth,[3],celeba_hq_00496,celeba_hq_01496,2263
2164,mouth,[3],celeba_hq_00497,celeba_hq_01497,2264
2165,mouth,[3],celeba_hq_00498,celeba_hq_01498,2265
2166,mouth,[3],celeba_hq_00499,celeba_hq_01499,2266
2167,mouth,[3],celeba_hq_00500,celeba_hq_01500,2267
2168,mouth,[3],celeba_hq_00501,celeba_hq_01501,2268
2169,mouth,[3],celeba_hq_00502,celeba_hq_01502,2269
2170,mouth,[3],celeba_hq_00503,celeba_hq_01503,2270
2171,mouth,[3],celeba_hq_00504,celeba_hq_01504,2271
2172,mouth,[3],celeba_hq_00505,celeba_hq_01505,2272
2173,mouth,[3],celeba_hq_00506,celeba_hq_01506,2273
2174,mouth,[3],celeba_hq_00507,celeba_hq_01507,2274
2175,mouth,[3],celeba_hq_00508,celeba_hq_01508,2275
2176,mouth,[3],celeba_hq_00509,celeba_hq_01509,2276
2177,mouth,[3],celeba_hq_00510,celeba_hq_01510,2277
2178,mouth,[3],celeba_hq_00511,celeba_hq_01511,2278
2179,mouth,[3],celeba_hq_00512,celeba_hq_01512,2279
2180,mouth,[3],celeba_hq_00513,celeba_hq_01513,2280
2181,mouth,[3],celeba_hq_00514,celeba_hq_01514,2281
2182,mouth,[3],celeba_hq_00515,celeba_hq_01515,2282
2183,mouth,[3],celeba_hq_00516,celeba_hq_01516,2283
2184,mouth,[3],celeba_hq_00517,celeba_hq_01517,2284
2185,mouth,[3],celeba_hq_00518,celeba_hq_01518,2285
2186,mouth,[3],celeba_hq_00519,celeba_hq_01519,2286
2187,mouth,[3],celeba_hq_00520,celeba_hq_01520,2287
2188,mouth,[3],celeba_hq_00521,celeba_hq_01521,2288
2189,mouth,[3],celeba_hq_00522,celeba_hq_01522,2289
2190,mouth,[3],celeba_hq_00523,celeba_hq_01523,2290
2191,mouth,[3],celeba_hq_00524,celeba_hq_01524,2291
2192,mouth,[3],celeba_hq_00525,celeba_hq_01525,2292
2193,mouth,[3],celeba_hq_00526,celeba_hq_01526,2293
2194,mouth,[3],celeba_hq_00527,celeba_hq_01527,2294
2195,mouth,[3],celeba_hq_00528,celeba_hq_01528,2295
2196,mouth,[3],celeba_hq_00529,celeba_hq_01529,2296
2197,mouth,[3],celeba_hq_00530,celeba_hq_01530,2297
2198,mouth,[3],celeba_hq_00531,celeba_hq_01531,2298
2199,mouth,[3],celeba_hq_00532,celeba_hq_01532,2299
2200,mouth,[3],celeba_hq_00533,celeba_hq_01533,2300
2201,mouth,[3],celeba_hq_00534,celeba_hq_01534,2301
2202,mouth,[3],celeba_hq_00535,celeba_hq_01535,2302
2203,mouth,[3],celeba_hq_00536,celeba_hq_01536,2303
2204,mouth,[3],celeba_hq_00537,celeba_hq_01537,2304
2205,mouth,[3],celeba_hq_00538,celeba_hq_01538,2305
2206,mouth,[3],celeba_hq_00539,celeba_hq_01539,2306
2207,mouth,[3],celeba_hq_00540,celeba_hq_01540,2307
2208,mouth,[3],celeba_hq_00541,celeba_hq_01541,2308
2209,mouth,[3],celeba_hq_00542,celeba_hq_01542,2309
2210,mouth,[3],celeba_hq_00543,celeba_hq_01543,2310
2211,mouth,[3],celeba_hq_00544,celeba_hq_01544,2311
2212,mouth,[3],celeba_hq_00545,celeba_hq_01545,2312
2213,mouth,[3],celeba_hq_00546,celeba_hq_01546,2313
2214,mouth,[3],celeba_hq_00547,celeba_hq_01547,2314
2215,mouth,[3],celeba_hq_00548,celeba_hq_01548,2315
2216,mouth,[3],celeba_hq_00549,celeba_hq_01549,2316
2217,mouth,[3],celeba_hq_00550,celeba_hq_01550,2317
2218,mouth,[3],celeba_hq_00551,celeba_hq_01551,2318
2219,mouth,[3],celeba_hq_00552,celeba_hq_01552,2319
2220,mouth,[3],celeba_hq_00553,celeba_hq_01553,2320
2221,mouth,[3],celeba_hq_00554,celeba_hq_01554,2321
2222,mouth,[3],celeba_hq_00555,celeba_hq_01555,2322
2223,mouth,[3],celeba_hq_00556,celeba_hq_01556,2323
2224,mouth,[3],celeba_hq_00557,celeba_hq_01557,2324
2225,mouth,[3],celeba_hq_00558,celeba_hq_01558,2325
2226,mouth,[3],celeba_hq_00559,celeba_hq_01559,2326
2227,mouth,[3],celeba_hq_00560,celeba_hq_01560,2327
2228,mouth,[3],celeba_hq_00561,celeba_hq_01561,2328
2229,mouth,[3],celeba_hq_00562,celeba_hq_01562,2329
2230,mouth,[3],celeba_hq_00563,celeba_hq_01563,2330
2231,mouth,[3],celeba_hq_00564,celeba_hq_01564,2331
2232,mouth,[3],celeba_hq_00565,celeba_hq_01565,2332
2233,mouth,[3],celeba_hq_00566,celeba_hq_01566,2333
2234,mouth,[3],celeba_hq_00567,celeba_hq_01567,2334
2235,mouth,[3],celeba_hq_00568,celeba_hq_01568,2335
2236,mouth,[3],celeba_hq_00569,celeba_hq_01569,2336
2237,mouth,[3],celeba_hq_00570,celeba_hq_01570,2337
2238,mouth,[3],celeba_hq_00571,celeba_hq_01571,2338
2239,mouth,[3],celeba_hq_00572,celeba_hq_01572,2339
2240,mouth,[3],celeba_hq_00573,celeba_hq_01573,2340
2241,mouth,[3],celeba_hq_00574,celeba_hq_01574,2341
2242,mouth,[3],celeba_hq_00575,celeba_hq_01575,2342
2243,mouth,[3],celeba_hq_00576,celeba_hq_01576,2343
2244,mouth,[3],celeba_hq_00577,celeba_hq_01577,2344
2245,mouth,[3],celeba_hq_00578,celeba_hq_01578,2345
2246,mouth,[3],celeba_hq_00579,celeba_hq_01579,2346
2247,mouth,[3],celeba_hq_00580,celeba_hq_01580,2347
2248,mouth,[3],celeba_hq_00581,celeba_hq_01581,2348
2249,mouth,[3],celeba_hq_00582,celeba_hq_01582,2349
2250,mouth,[3],celeba_hq_00583,celeba_hq_01583,2350
2251,mouth,[3],celeba_hq_00584,celeba_hq_01584,2351
2252,mouth,[3],celeba_hq_00585,celeba_hq_01585,2352
2253,mouth,[3],celeba_hq_00586,celeba_hq_01586,2353
2254,mouth,[3],celeba_hq_00587,celeba_hq_01587,2354
2255,mouth,[3],celeba_hq_00588,celeba_hq_01588,2355
2256,mouth,[3],celeba_hq_00589,celeba_hq_01589,2356
2257,mouth,[3],celeba_hq_00590,celeba_hq_01590,2357
2258,mouth,[3],celeba_hq_00591,celeba_hq_01591,2358
2259,mouth,[3],celeba_hq_00592,celeba_hq_01592,2359
2260,mouth,[3],celeba_hq_00593,celeba_hq_01593,2360
2261,mouth,[3],celeba_hq_00594,celeba_hq_01594,2361
2262,mouth,[3],celeba_hq_00595,celeba_hq_01595,2362
2263,mouth,[3],celeba_hq_00596,celeba_hq_01596,2363
2264,mouth,[3],celeba_hq_00597,celeba_hq_01597,2364
2265,mouth,[3],celeba_hq_00598,celeba_hq_01598,2365
2266,mouth,[3],celeba_hq_00599,celeba_hq_01599,2366
2267,mouth,[3],celeba_hq_00600,celeba_hq_01600,2367
2268,mouth,[3],celeba_hq_00601,celeba_hq_01601,2368
2269,mouth,[3],celeba_hq_00602,celeba_hq_01602,2369
2270,mouth,[3],celeba_hq_00603,celeba_hq_01603,2370
2271,mouth,[3],celeba_hq_00604,celeba_hq_01604,2371
2272,mouth,[3],celeba_hq_00605,celeba_hq_01605,2372
2273,mouth,[3],celeba_hq_00606,celeba_hq_01606,2373
2274,mouth,[3],celeba_hq_00607,celeba_hq_01607,2374
2275,mouth,[3],celeba_hq_00608,celeba_hq_01608,2375
2276,mouth,[3],celeba_hq_00609,celeba_hq_01609,2376
2277,mouth,[3],celeba_hq_00610,celeba_hq_01610,2377
2278,mouth,[3],celeba_hq_00611,celeba_hq_01611,2378
2279,mouth,[3],celeba_hq_00612,celeba_hq_01612,2379
2280,mouth,[3],celeba_hq_00613,celeba_hq_01613,2380
2281,mouth,[3],celeba_hq_00614,celeba_hq_01614,2381
2282,mouth,[3],celeba_hq_00615,celeba_hq_01615,2382
2283,mouth,[3],celeba_hq_00616,celeba_hq_01616,2383
2284,mouth,[3],celeba_hq_00617,celeba_hq_01617,2384
2285,mouth,[3],celeba_hq_00618,celeba_hq_01618,2385
2286,mouth,[3],celeba_hq_00619,celeba_hq_01619,2386
2287,mouth,[3],celeba_hq_00620,celeba_hq_01620,2387
2288,mouth,[3],celeba_hq_00621,celeba_hq_01621,2388
2289,mouth,[3],celeba_hq_00622,celeba_hq_01622,2389
2290,mouth,[3],celeba_hq_00623,celeba_hq_01623,2390
2291,mouth,[3],celeba_hq_00624,celeba_hq_01624,2391
2292,mouth,[3],celeba_hq_00625,celeba_hq_01625,2392
2293,mouth,[3],celeba_hq_00626,celeba_hq_01626,2393
2294,mouth,[3],celeba_hq_00627,celeba_hq_01627,2394
2295,mouth,[3],celeba_hq_00628,celeba_hq_01628,2395
2296,mouth,[3],celeba_hq_00629,celeba_hq_01629,2396
2297,mouth,[3],celeba_hq_00630,celeba_hq_01630,2397
2298,mouth,[3],celeba_hq_00631,celeba_hq_01631,2398
2299,mouth,[3],celeba_hq_00632,celeba_hq_01632,2399
2300,mouth,[3],celeba_hq_00633,celeba_hq_01633,2400
2301,mouth,[3],celeba_hq_00634,celeba_hq_01634,2401
2302,mouth,[3],celeba_hq_00635,celeba_hq_01635,2402
2303,mouth,[3],celeba_hq_00636,celeba_hq_01636,2403
2304,mouth,[3],celeba_hq_00637,celeba_hq_01637,2404
2305,mouth,[3],celeba_hq_00638,celeba_hq_01638,2405
2306,mouth,[3],celeba_hq_00639,celeba_hq_01639,2406
2307,mouth,[3],celeba_hq_00640,celeba_hq_01640,2407
2308,mouth,[3],celeba_hq_00641,celeba_hq_01641,2408
2309,mouth,[3],celeba_hq_00642,celeba_hq_01642,2409
2310,mouth,[3],celeba_hq_00643,celeba_hq_01643,2410
2311,mouth,[3],celeba_hq_00644,celeba_hq_01644,2411
2312,mouth,[3],celeba_hq_00645,celeba_hq_01645,2412
2313,mouth,[3],celeba_hq_00646,celeba_hq_01646,2413
2314,mouth,[3],celeba_hq_00647,celeba_hq_01647,2414
2315,mouth,[3],celeba_hq_00648,celeba_hq_01648,2415
2316,mouth,[3],celeba_hq_00649,celeba_hq_01649,2416
2317,mouth,[3],celeba_hq_00650,celeba_hq_01650,2417
2318,mouth,[3],celeba_hq_00651,celeba_hq_01651,2418
2319,mouth,[3],celeba_hq_00652,celeba_hq_01652,2419
2320,mouth,[3],celeba_hq_00653,celeba_hq_01653,2420
2321,mouth,[3],celeba_hq_00654,celeba_hq_01654,2421
2322,mouth,[3],celeba_hq_00655,celeba_hq_01655,2422
2323,mouth,[3],celeba_hq_00656,celeba_hq_01656,2423
2324,mouth,[3],celeba_hq_00657,celeba_hq_01657,2424
2325,mouth,[3],celeba_hq_00658,celeba_hq_01658,2425
2326,mouth,[3],celeba_hq_00659,celeba_hq_01659,2426
2327,mouth,[3],celeba_hq_00660,celeba_hq_01660,2427
2328,mouth,[3],celeba_hq_00661,celeba_hq_01661,2428
2329,mouth,[3],celeba_hq_00662,celeba_hq_01662,2429
2330,mouth,[3],celeba_hq_00663,celeba_hq_01663,2430
2331,mouth,[3],celeba_hq_00664,celeba_hq_01664,2431
2332,mouth,[3],celeba_hq_00665,celeba_hq_01665,2432
2333,mouth,[3],celeba_hq_00666,celeba_hq_01666,2433
2334,mouth,[3],celeba_hq_00667,celeba_hq_01667,2434
2335,mouth,[3],celeba_hq_00668,celeba_hq_01668,2435
2336,mouth,[3],celeba_hq_00669,celeba_hq_01669,2436
2337,mouth,[3],celeba_hq_00670,celeba_hq_01670,2437
2338,mouth,[3],celeba_hq_00671,celeba_hq_01671,2438
2339,mouth,[3],celeba_hq_00672,celeba_hq_01672,2439
2340,mouth,[3],celeba_hq_00673,celeba_hq_01673,2440
2341,mouth,[3],celeba_hq_00674,celeba_hq_01674,2441
2342,mouth,[3],celeba_hq_00675,celeba_hq_01675,2442
2343,mouth,[3],celeba_hq_00676,celeba_hq_01676,2443
2344,mouth,[3],celeba_hq_00677,celeba_hq_01677,2444
2345,mouth,[3],celeba_hq_00678,celeba_hq_01678,2445
2346,mouth,[3],celeba_hq_00679,celeba_hq_01679,2446
2347,mouth,[3],celeba_hq_00680,celeba_hq_01680,2447
2348,mouth,[3],celeba_hq_00681,celeba_hq_01681,2448
2349,mouth,[3],celeba_hq_00682,celeba_hq_01682,2449
2350,mouth,[3],celeba_hq_00683,celeba_hq_01683,2450
2351,mouth,[3],celeba_hq_00684,celeba_hq_01684,2451
2352,mouth,[3],celeba_hq_00685,celeba_hq_01685,2452
2353,mouth,[3],celeba_hq_00686,celeba_hq_01686,2453
2354,mouth,[3],celeba_hq_00687,celeba_hq_01687,2454
2355,mouth,[3],celeba_hq_00688,celeba_hq_01688,2455
2356,mouth,[3],celeba_hq_00689,celeba_hq_01689,2456
2357,mouth,[3],celeba_hq_00690,celeba_hq_01690,2457
2358,mouth,[3],celeba_hq_00691,celeba_hq_01691,2458
2359,mouth,[3],celeba_hq_00692,celeba_hq_01692,2459
2360,mouth,[3],celeba_hq_00693,celeba_hq_01693,2460
2361,mouth,[3],celeba_hq_00694,celeba_hq_01694,2461
2362,mouth,[3],celeba_hq_00695,celeba_hq_01695,2462
2363,mouth,[3],celeba_hq_00696,celeba_hq_01696,2463
2364,mouth,[3],celeba_hq_00697,celeba_hq_01697,2464
2365,mouth,[3],celeba_hq_00698,celeba_hq_01698,2465
2366,mouth,[3],celeba_hq_00699,celeba_hq_01699,2466
2367,mouth,[3],celeba_hq_00700,celeba_hq_01700,2467
2368,mouth,[3],celeba_hq_00701,celeba_hq_01701,2468
2369,mouth,[3],celeba_hq_00702,celeba_hq_01702,2469
2370,mouth,[3],celeba_hq_00703,celeba_hq_01703,2470
2371,mouth,[3],celeba_hq_00704,celeba_hq_01704,2471
2372,mouth,[3],celeba_hq_00705,celeba_hq_01705,2472
2373,mouth,[3],celeba_hq_00706,celeba_hq_01706,2473
2374,mouth,[3],celeba_hq_00707,celeba_hq_01707,2474
2375,mouth,[3],celeba_hq_00708,celeba_hq_01708,2475
2376,mouth,[3],celeba_hq_00709,celeba_hq_01709,2476
2377,mouth,[3],celeba_hq_00710,celeba_hq_01710,2477
2378,mouth,[3],celeba_hq_00711,celeba_hq_01711,2478
2379,mouth,[3],celeba_hq_00712,celeba_hq_01712,2479
2380,mouth,[3],celeba_hq_00713,celeba_hq_01713,2480
2381,mouth,[3],celeba_hq_00714,celeba_hq_01714,2481
2382,mouth,[3],celeba_hq_00715,celeba_hq_01715,2482
2383,mouth,[3],celeba_hq_00716,celeba_hq_01716,2483
2384,mouth,[3],celeba_hq_00717,celeba_hq_01717,2484
2385,mouth,[3],celeba_hq_00718,celeba_hq_01718,2485
2386,mouth,[3],celeba_hq_00719,celeba_hq_01719,2486
2387,mouth,[3],celeba_hq_00720,celeba_hq_01720,2487
2388,mouth,[3],celeba_hq_00721,celeba_hq_01721,2488
2389,mouth,[3],celeba_hq_00722,celeba_hq_01722,2489
2390,mouth,[3],celeba_hq_00723,celeba_hq_01723,2490
2391,mouth,[3],celeba_hq_00724,celeba_hq_01724,2491
2392,mouth,[3],celeba_hq_00725,celeba_hq_01725,2492
2393,mouth,[3],celeba_hq_00726,celeba_hq_01726,2493
2394,mouth,[3],celeba_hq_00727,celeba_hq_01727,2494
2395,mouth,[3],celeba_hq_00728,celeba_hq_01728,2495
2396,mouth,[3],celeba_hq_00729,celeba_hq_01729,2496
2397,mouth,[3],celeba_hq_00730,celeba_hq_01730,2497
2398,mouth,[3],celeba_hq_00731,celeba_hq_01731,2498
2399,mouth,[3],celeba_hq_00732,celeba_hq_01732,2499
2400,mouth,[3],celeba_hq_00733,celeba_hq_01733,2500
2401,mouth,[3],celeba_hq_00734,celeba_hq_01734,2501
2402,mouth,[3],celeba_hq_00735,celeba_hq_01735,2502
2403,mouth,[3],celeba_hq_00736,celeba_hq_01736,2503
2404,mouth,[3],celeba_hq_00737,celeba_hq_01737,2504
2405,mouth,[3],celeba_hq_00738,celeba_hq_01738,2505
2406,mouth,[3],celeba_hq_00739,celeba_hq_01739,2506
2407,mouth,[3],celeba_hq_00740,celeba_hq_01740,2507
2408,mouth,[3],celeba_hq_00741,celeba_hq_01741,2508
2409,mouth,[3],celeba_hq_00742,celeba_hq_01742,2509
2410,mouth,[3],celeba_hq_00743,celeba_hq_01743,2510
2411,mouth,[3],celeba_hq_00744,celeba_hq_01744,2511
2412,mouth,[3],celeba_hq_00745,celeba_hq_01745,2512
2413,mouth,[3],celeba_hq_00746,celeba_hq_01746,2513
2414,mouth,[3],celeba_hq_00747,celeba_hq_01747,2514
2415,mouth,[3],celeba_hq_00748,celeba_hq_01748,2515
2416,mouth,[3],celeba_hq_00749,celeba_hq_01749,2516
2417,mouth,[3],celeba_hq_00750,celeba_hq_01750,2517
2418,mouth,[3],celeba_hq_00751,celeba_hq_01751,2518
2419,mouth,[3],celeba_hq_00752,celeba_hq_01752,2519
2420,mouth,[3],celeba_hq_00753,celeba_hq_01753,2520
2421,mouth,[3],celeba_hq_00754,celeba_hq_01754,2521
2422,mouth,[3],celeba_hq_00755,celeba_hq_01755,2522
2423,mouth,[3],celeba_hq_00756,celeba_hq_01756,2523
2424,mouth,[3],celeba_hq_00757,celeba_hq_01757,2524
2425,mouth,[3],celeba_hq_00758,celeba_hq_01758,2525
2426,mouth,[3],celeba_hq_00759,celeba_hq_01759,2526
2427,mouth,[3],celeba_hq_00760,celeba_hq_01760,2527
2428,mouth,[3],celeba_hq_00761,celeba_hq_01761,2528
2429,mouth,[3],celeba_hq_00762,celeba_hq_01762,2529
2430,mouth,[3],celeba_hq_00763,celeba_hq_01763,2530
2431,mouth,[3],celeba_hq_00764,celeba_hq_01764,2531
2432,mouth,[3],celeba_hq_00765,celeba_hq_01765,2532
2433,mouth,[3],celeba_hq_00766,celeba_hq_01766,2533
2434,mouth,[3],celeba_hq_00767,celeba_hq_01767,2534
2435,mouth,[3],celeba_hq_00768,celeba_hq_01768,2535
2436,mouth,[3],celeba_hq_00769,celeba_hq_01769,2536
2437,mouth,[3],celeba_hq_00770,celeba_hq_01770,2537
2438,mouth,[3],celeba_hq_00771,celeba_hq_01771,2538
2439,mouth,[3],celeba_hq_00772,celeba_hq_01772,2539
2440,mouth,[3],celeba_hq_00773,celeba_hq_01773,2540
2441,mouth,[3],celeba_hq_00774,celeba_hq_01774,2541
2442,mouth,[3],celeba_hq_00775,celeba_hq_01775,2542
2443,mouth,[3],celeba_hq_00776,celeba_hq_01776,2543
2444,mouth,[3],celeba_hq_00777,celeba_hq_01777,2544
2445,mouth,[3],celeba_hq_00778,celeba_hq_01778,2545
2446,mouth,[3],celeba_hq_00779,celeba_hq_01779,2546
2447,mouth,[3],celeba_hq_00780,celeba_hq_01780,2547
2448,mouth,[3],celeba_hq_00781,celeba_hq_01781,2548
2449,mouth,[3],celeba_hq_00782,celeba_hq_01782,2549
2450,mouth,[3],celeba_hq_00783,celeba_hq_01783,2550
2451,mouth,[3],celeba_hq_00784,celeba_hq_01784,2551
2452,mouth,[3],celeba_hq_00785,celeba_hq_01785,2552
2453,mouth,[3],celeba_hq_00786,celeba_hq_01786,2553
2454,mouth,[3],celeba_hq_00787,celeba_hq_01787,2554
2455,mouth,[3],celeba_hq_00788,celeba_hq_01788,2555
2456,mouth,[3],celeba_hq_00789,celeba_hq_01789,2556
2457,mouth,[3],celeba_hq_00790,celeba_hq_01790,2557
2458,mouth,[3],celeba_hq_00791,celeba_hq_01791,2558
2459,mouth,[3],celeba_hq_00792,celeba_hq_01792,2559
2460,mouth,[3],celeba_hq_00793,celeba_hq_01793,2560
2461,mouth,[3],celeba_hq_00794,celeba_hq_01794,2561
2462,mouth,[3],celeba_hq_00795,celeba_hq_01795,2562
2463,mouth,[3],celeba_hq_00796,celeba_hq_01796,2563
2464,mouth,[3],celeba_hq_00797,celeba_hq_01797,2564
2465,mouth,[3],celeba_hq_00798,celeba_hq_01798,2565
2466,mouth,[3],celeba_hq_00799,celeba_hq_01799,2566
2467,mouth,[3],celeba_hq_00800,celeba_hq_01800,2567
2468,mouth,[3],celeba_hq_00801,celeba_hq_01801,2568
2469,mouth,[3],celeba_hq_00802,celeba_hq_01802,2569
2470,mouth,[3],celeba_hq_00803,celeba_hq_01803,2570
2471,mouth,[3],celeba_hq_00804,celeba_hq_01804,2571
2472,mouth,[3],celeba_hq_00805,celeba_hq_01805,2572
2473,mouth,[3],celeba_hq_00806,celeba_hq_01806,2573
2474,mouth,[3],celeba_hq_00807,celeba_hq_01807,2574
2475,mouth,[3],celeba_hq_00808,celeba_hq_01808,2575
2476,mouth,[3],celeba_hq_00809,celeba_hq_01809,2576
2477,mouth,[3],celeba_hq_00810,celeba_hq_01810,2577
2478,mouth,[3],celeba_hq_00811,celeba_hq_01811,2578
2479,mouth,[3],celeba_hq_00812,celeba_hq_01812,2579
2480,mouth,[3],celeba_hq_00813,celeba_hq_01813,2580
2481,mouth,[3],celeba_hq_00814,celeba_hq_01814,2581
2482,mouth,[3],celeba_hq_00815,celeba_hq_01815,2582
2483,mouth,[3],celeba_hq_00816,celeba_hq_01816,2583
2484,mouth,[3],celeba_hq_00817,celeba_hq_01817,2584
2485,mouth,[3],celeba_hq_00818,celeba_hq_01818,2585
2486,mouth,[3],celeba_hq_00819,celeba_hq_01819,2586
2487,mouth,[3],celeba_hq_00820,celeba_hq_01820,2587
2488,mouth,[3],celeba_hq_00821,celeba_hq_01821,2588
2489,mouth,[3],celeba_hq_00822,celeba_hq_01822,2589
2490,mouth,[3],celeba_hq_00823,celeba_hq_01823,2590
2491,mouth,[3],celeba_hq_00824,celeba_hq_01824,2591
2492,mouth,[3],celeba_hq_00825,celeba_hq_01825,2592
2493,mouth,[3],celeba_hq_00826,celeba_hq_01826,2593
2494,mouth,[3],celeba_hq_00827,celeba_hq_01827,2594
2495,mouth,[3],celeba_hq_00828,celeba_hq_01828,2595
2496,mouth,[3],celeba_hq_00829,celeba_hq_01829,2596
2497,mouth,[3],celeba_hq_00830,celeba_hq_01830,2597
2498,mouth,[3],celeba_hq_00831,celeba_hq_01831,2598
2499,mouth,[3],celeba_hq_00832,celeba_hq_01832,2599
2500,mouth,[3],celeba_hq_00833,celeba_hq_01833,2600
2501,mouth,[3],celeba_hq_00834,celeba_hq_01834,2601
2502,mouth,[3],celeba_hq_00835,celeba_hq_01835,2602
2503,mouth,[3],celeba_hq_00836,celeba_hq_01836,2603
2504,mouth,[3],celeba_hq_00837,celeba_hq_01837,2604
2505,mouth,[3],celeba_hq_00838,celeba_hq_01838,2605
2506,mouth,[3],celeba_hq_00839,celeba_hq_01839,2606
2507,mouth,[3],celeba_hq_00840,celeba_hq_01840,2607
2508,mouth,[3],celeba_hq_00841,celeba_hq_01841,2608
2509,mouth,[3],celeba_hq_00842,celeba_hq_01842,2609
2510,mouth,[3],celeba_hq_00843,celeba_hq_01843,2610
2511,mouth,[3],celeba_hq_00844,celeba_hq_01844,2611
2512,mouth,[3],celeba_hq_00845,celeba_hq_01845,2612
2513,mouth,[3],celeba_hq_00846,celeba_hq_01846,2613
2514,mouth,[3],celeba_hq_00847,celeba_hq_01847,2614
2515,mouth,[3],celeba_hq_00848,celeba_hq_01848,2615
2516,mouth,[3],celeba_hq_00849,celeba_hq_01849,2616
2517,mouth,[3],celeba_hq_00850,celeba_hq_01850,2617
2518,mouth,[3],celeba_hq_00851,celeba_hq_01851,2618
2519,mouth,[3],celeba_hq_00852,celeba_hq_01852,2619
2520,mouth,[3],celeba_hq_00853,celeba_hq_01853,2620
2521,mouth,[3],celeba_hq_00854,celeba_hq_01854,2621
2522,mouth,[3],celeba_hq_00855,celeba_hq_01855,2622
2523,mouth,[3],celeba_hq_00856,celeba_hq_01856,2623
2524,mouth,[3],celeba_hq_00857,celeba_hq_01857,2624
2525,mouth,[3],celeba_hq_00858,celeba_hq_01858,2625
2526,mouth,[3],celeba_hq_00859,celeba_hq_01859,2626
2527,mouth,[3],celeba_hq_00860,celeba_hq_01860,2627
2528,mouth,[3],celeba_hq_00861,celeba_hq_01861,2628
2529,mouth,[3],celeba_hq_00862,celeba_hq_01862,2629
2530,mouth,[3],celeba_hq_00863,celeba_hq_01863,2630
2531,mouth,[3],celeba_hq_00864,celeba_hq_01864,2631
2532,mouth,[3],celeba_hq_00865,celeba_hq_01865,2632
2533,mouth,[3],celeba_hq_00866,celeba_hq_01866,2633
2534,mouth,[3],celeba_hq_00867,celeba_hq_01867,2634
2535,mouth,[3],celeba_hq_00868,celeba_hq_01868,2635
2536,mouth,[3],celeba_hq_00869,celeba_hq_01869,2636
2537,mouth,[3],celeba_hq_00870,celeba_hq_01870,2637
2538,mouth,[3],celeba_hq_00871,celeba_hq_01871,2638
2539,mouth,[3],celeba_hq_00872,celeba_hq_01872,2639
2540,mouth,[3],celeba_hq_00873,celeba_hq_01873,2640
2541,mouth,[3],celeba_hq_00874,celeba_hq_01874,2641
2542,mouth,[3],celeba_hq_00875,celeba_hq_01875,2642
2543,mouth,[3],celeba_hq_00876,celeba_hq_01876,2643
2544,mouth,[3],celeba_hq_00877,celeba_hq_01877,2644
2545,mouth,[3],celeba_hq_00878,celeba_hq_01878,2645
2546,mouth,[3],celeba_hq_00879,celeba_hq_01879,2646
2547,mouth,[3],celeba_hq_00880,celeba_hq_01880,2647
2548,mouth,[3],celeba_hq_00881,celeba_hq_01881,2648
2549,mouth,[3],celeba_hq_00882,celeba_hq_01882,2649
2550,mouth,[3],celeba_hq_00883,celeba_hq_01883,2650
2551,mouth,[3],celeba_hq_00884,celeba_hq_01884,2651
2552,mouth,[3],celeba_hq_00885,celeba_hq_01885,2652
2553,mouth,[3],celeba_hq_00886,celeba_hq_01886,2653
2554,mouth,[3],celeba_hq_00887,celeba_hq_01887,2654
2555,mouth,[3],celeba_hq_00888,celeba_hq_01888,2655
2556,mouth,[3],celeba_hq_00889,celeba_hq_01889,2656
2557,mouth,[3],celeba_hq_00890,celeba_hq_01890,2657
2558,mouth,[3],celeba_hq_00891,celeba_hq_01891,2658
2559,mouth,[3],celeba_hq_00892,celeba_hq_01892,2659
2560,mouth,[3],celeba_hq_00893,celeba_hq_01893,2660
2561,mouth,[3],celeba_hq_00894,celeba_hq_01894,2661
2562,mouth,[3],celeba_hq_00895,celeba_hq_01895,2662
2563,mouth,[3],celeba_hq_00896,celeba_hq_01896,2663
2564,mouth,[3],celeba_hq_00897,celeba_hq_01897,2664
2565,mouth,[3],celeba_hq_00898,celeba_hq_01898,2665
2566,mouth,[3],celeba_hq_00899,celeba_hq_01899,2666
2567,mouth,[3],celeba_hq_00900,celeba_hq_01900,2667
2568,mouth,[3],celeba_hq_00901,celeba_hq_01901,2668
2569,mouth,[3],celeba_hq_00902,celeba_hq_01902,2669
2570,mouth,[3],celeba_hq_00903,celeba_hq_01903,2670
2571,mouth,[3],celeba_hq_00904,celeba_hq_01904,2671
2572,mouth,[3],celeba_hq_00905,celeba_hq_01905,2672
2573,mouth,[3],celeba_hq_00906,celeba_hq_01906,2673
2574,mouth,[3],celeba_hq_00907,celeba_hq_01907,2674
2575,mouth,[3],celeba_hq_00908,celeba_hq_01908,2675
2576,mouth,[3],celeba_hq_00909,celeba_hq_01909,2676
2577,mouth,[3],celeba_hq_00910,celeba_hq_01910,2677
2578,mouth,[3],celeba_hq_00911,celeba_hq_01911,2678
2579,mouth,[3],celeba_hq_00912,celeba_hq_01912,2679
2580,mouth,[3],celeba_hq_00913,celeba_hq_01913,2680
2581,mouth,[3],celeba_hq_00914,celeba_hq_01914,2681
2582,mouth,[3],celeba_hq_00915,celeba_hq_01915,2682
2583,mouth,[3],celeba_hq_00916,celeba_hq_01916,2683
2584,mouth,[3],celeba_hq_00917,celeba_hq_01917,2684
2585,mouth,[3],celeba_hq_00918,celeba_hq_01918,2685
2586,mouth,[3],celeba_hq_00919,celeba_hq_01919,2686
2587,mouth,[3],celeba_hq_00920,celeba_hq_01920,2687
2588,mouth,[3],celeba_hq_00921,celeba_hq_01921,2688
2589,mouth,[3],celeba_hq_00922,celeba_hq_01922,2689
2590,mouth,[3],celeba_hq_00923,celeba_hq_01923,2690
2591,mouth,[3],celeba_hq_00924,celeba_hq_01924,2691
2592,mouth,[3],celeba_hq_00925,celeba_hq_01925,2692
2593,mouth,[3],celeba_hq_00926,celeba_hq_01926,2693
2594,mouth,[3],celeba_hq_00927,celeba_hq_01927,2694
2595,mouth,[3],celeba_hq_00928,celeba_hq_01928,2695
2596,mouth,[3],celeba_hq_00929,celeba_hq_01929,2696
2597,mouth,[3],celeba_hq_00930,celeba_hq_01930,2697
2598,mouth,[3],celeba_hq_00931,celeba_hq_01931,2698
2599,mouth,[3],celeba_hq_00932,celeba_hq_01932,2699
2600,mouth,[3],celeba_hq_00933,celeba_hq_01933,2700
2601,mouth,[3],celeba_hq_00934,celeba_hq_01934,2701
2602,mouth,[3],celeba_hq_00935,celeba_hq_01935,2702
2603,mouth,[3],celeba_hq_00936,celeba_hq_01936,2703
2604,mouth,[3],celeba_hq_00937,celeba_hq_01937,2704
2605,mouth,[3],celeba_hq_00938,celeba_hq_01938,2705
2606,mouth,[3],celeba_hq_00939,celeba_hq_01939,2706
2607,mouth,[3],celeba_hq_00940,celeba_hq_01940,2707
2608,mouth,[3],celeba_hq_00941,celeba_hq_01941,2708
2609,mouth,[3],celeba_hq_00942,celeba_hq_01942,2709
2610,mouth,[3],celeba_hq_00943,celeba_hq_01943,2710
2611,mouth,[3],celeba_hq_00944,celeba_hq_01944,2711
2612,mouth,[3],celeba_hq_00945,celeba_hq_01945,2712
2613,mouth,[3],celeba_hq_00946,celeba_hq_01946,2713
2614,mouth,[3],celeba_hq_00947,celeba_hq_01947,2714
2615,mouth,[3],celeba_hq_00948,celeba_hq_01948,2715
2616,mouth,[3],celeba_hq_00949,celeba_hq_01949,2716
2617,mouth,[3],celeba_hq_00950,celeba_hq_01950,2717
2618,mouth,[3],celeba_hq_00951,celeba_hq_01951,2718
2619,mouth,[3],celeba_hq_00952,celeba_hq_01952,2719
2620,mouth,[3],celeba_hq_00953,celeba_hq_01953,2720
2621,mouth,[3],celeba_hq_00954,celeba_hq_01954,2721
2622,mouth,[3],celeba_hq_00955,celeba_hq_01955,2722
2623,mouth,[3],celeba_hq_00956,celeba_hq_01956,2723
2624,mouth,[3],celeba_hq_00957,celeba_hq_01957,2724
2625,mouth,[3],celeba_hq_00958,celeba_hq_01958,2725
2626,mouth,[3],celeba_hq_00959,celeba_hq_01959,2726
2627,mouth,[3],celeba_hq_00960,celeba_hq_01960,2727
2628,mouth,[3],celeba_hq_00961,celeba_hq_01961,2728
2629,mouth,[3],celeba_hq_00962,celeba_hq_01962,2729
2630,mouth,[3],celeba_hq_00963,celeba_hq_01963,2730
2631,mouth,[3],celeba_hq_00964,celeba_hq_01964,2731
2632,mouth,[3],celeba_hq_00965,celeba_hq_01965,2732
2633,mouth,[3],celeba_hq_00966,celeba_hq_01966,2733
2634,mouth,[3],celeba_hq_00967,celeba_hq_01967,2734
2635,mouth,[3],celeba_hq_00968,celeba_hq_01968,2735
2636,mouth,[3],celeba_hq_00969,celeba_hq_01969,2736
2637,mouth,[3],celeba_hq_00970,celeba_hq_01970,2737
2638,mouth,[3],celeba_hq_00971,celeba_hq_01971,2738
2639,mouth,[3],celeba_hq_00972,celeba_hq_01972,2739
2640,mouth,[3],celeba_hq_00973,celeba_hq_01973,2740
2641,mouth,[3],celeba_hq_00974,celeba_hq_01974,2741
2642,mouth,[3],celeba_hq_00975,celeba_hq_01975,2742
2643,mouth,[3],celeba_hq_00976,celeba_hq_01976,2743
2644,mouth,[3],celeba_hq_00977,celeba_hq_01977,2744
2645,mouth,[3],celeba_hq_00978,celeba_hq_01978,2745
2646,mouth,[3],celeba_hq_00979,celeba_hq_01979,2746
2647,mouth,[3],celeba_hq_00980,celeba_hq_01980,2747
2648,mouth,[3],celeba_hq_00981,celeba_hq_01981,2748
2649,mouth,[3],celeba_hq_00982,celeba_hq_01982,2749
2650,mouth,[3],celeba_hq_00983,celeba_hq_01983,2750
2651,mouth,[3],celeba_hq_00984,celeba_hq_01984,2751
2652,mouth,[3],celeba_hq_00985,celeba_hq_01985,2752
2653,mouth,[3],celeba_hq_00986,celeba_hq_01986,2753
2654,mouth,[3],celeba_hq_00987,celeba_hq_01987,2754
2655,mouth,[3],celeba_hq_00988,celeba_hq_01988,2755
2656,mouth,[3],celeba_hq_00989,celeba_hq_01989,2756
2657,mouth,[3],celeba_hq_00990,celeba_hq_01990,2757
2658,mouth,[3],celeba_hq_00991,celeba_hq_01991,2758
2659,mouth,[3],celeba_hq_00992,celeba_hq_01992,2759
2660,mouth,[3],celeba_hq_00993,celeba_hq_01993,2760
2661,mouth,[3],celeba_hq_00994,celeba_hq_01994,2761
2662,mouth,[3],celeba_hq_00995,celeba_hq_01995,2762
2663,mouth,[3],celeba_hq_00996,celeba_hq_01996,2763
2664,mouth,[3],celeba_hq_00997,celeba_hq_01997,2764
2665,mouth,[3],celeba_hq_00998,celeba_hq_01998,2765
2666,mouth,[3],celeba_hq_00999,celeba_hq_01999,2766
2667,mouth,[3],celeba_hq_01000,celeba_hq_02000,2767
2668,mouth,[3],celeba_hq_01001,celeba_hq_02001,2768
2669,mouth,[3],celeba_hq_01002,celeba_hq_02002,2769
2670,mouth,[3],celeba_hq_01003,celeba_hq_02003,2770
2671,mouth,[3],celeba_hq_01004,celeba_hq_02004,2771
2672,mouth,[3],celeba_hq_01005,celeba_hq_02005,2772
2673,mouth,[3],celeba_hq_01006,celeba_hq_02006,2773
2674,mouth,[3],celeba_hq_01007,celeba_hq_02007,2774
2675,mouth,[3],celeba_hq_01008,celeba_hq_02008,2775
2676,mouth,[3],celeba_hq_01009,celeba_hq_02009,2776
2677,mouth,[3],celeba_hq_01010,celeba_hq_02010,2777
2678,mouth,[3],celeba_hq_01011,celeba_hq_02011,2778
2679,mouth,[3],celeba_hq_01012,celeba_hq_02012,2779
2680,mouth,[3],celeba_hq_01013,celeba_hq_02013,2780
2681,mouth,[3],celeba_hq_01014,celeba_hq_02014,2781
2682,mouth,[3],celeba_hq_01015,celeba_hq_02015,2782
2683,mouth,[3],celeba_hq_01016,celeba_hq_02016,2783
2684,mouth,[3],celeba_hq_01017,celeba_hq_02017,2784
2685,mouth,[3],celeba_hq_01018,celeba_hq_02018,2785
2686,mouth,[3],celeba_hq_01019,celeba_hq_02019,2786
2687,mouth,[3],celeba_hq_01020,celeba_hq_02020,2787
2688,mouth,[3],celeba_hq_01021,celeba_hq_02021,2788
2689,mouth,[3],celeba_hq_01022,celeba_hq_02022,2789
2690,mouth,[3],celeba_hq_01023,celeba_hq_02023,2790
2691,mouth,[3],celeba_hq_01024,celeba_hq_02024,2791
2692,mouth,[3],celeba_hq_01025,celeba_hq_02025,2792
2693,mouth,[3],celeba_hq_01026,celeba_hq_02026,2793
2694,mouth,[3],celeba_hq_01027,celeba_hq_02027,2794
2695,mouth,[3],celeba_hq_01028,celeba_hq_02028,2795
2696,mouth,[3],celeba_hq_01029,celeba_hq_02029,2796
2697,mouth,[3],celeba_hq_01030,celeba_hq_02030,2797
2698,mouth,[3],celeba_hq_01031,celeba_hq_02031,2798
2699,mouth,[3],celeba_hq_01032,celeba_hq_02032,2799
2700,mouth,[3],celeba_hq_01033,celeba_hq_02033,2800
2701,mouth,[3],celeba_hq_01034,celeba_hq_02034,2801
2702,mouth,[3],celeba_hq_01035,celeba_hq_02035,2802
2703,mouth,[3],celeba_hq_01036,celeba_hq_02036,2803
2704,mouth,[3],celeba_hq_01037,celeba_hq_02037,2804
2705,mouth,[3],celeba_hq_01038,celeba_hq_02038,2805
2706,mouth,[3],celeba_hq_01039,celeba_hq_02039,2806
2707,mouth,[3],celeba_hq_01040,celeba_hq_02040,2807
2708,mouth,[3],celeba_hq_01041,celeba_hq_02041,2808
2709,mouth,[3],celeba_hq_01042,celeba_hq_02042,2809
2710,mouth,[3],celeba_hq_01043,celeba_hq_02043,2810
2711,mouth,[3],celeba_hq_01044,celeba_hq_02044,2811
2712,mouth,[3],celeba_hq_01045,celeba_hq_02045,2812
2713,mouth,[3],celeba_hq_01046,celeba_hq_02046,2813
2714,mouth,[3],celeba_hq_01047,celeba_hq_02047,2814
2715,mouth,[3],celeba_hq_01048,celeba_hq_02048,2815
2716,mouth,[3],celeba_hq_01049,celeba_hq_02049,2816
2717,mouth,[3],celeba_hq_01050,celeba_hq_02050,2817
2718,mouth,[3],celeba_hq_01051,celeba_hq_02051,2818
2719,mouth,[3],celeba_hq_01052,celeba_hq_02052,2819
2720,mouth,[3],celeba_hq_01053,celeba_hq_02053,2820
2721,mouth,[3],celeba_hq_01054,celeba_hq_02054,2821
2722,mouth,[3],celeba_hq_01055,celeba_hq_02055,2822
2723,mouth,[3],celeba_hq_01056,celeba_hq_02056,2823
2724,mouth,[3],celeba_hq_01057,celeba_hq_02057,2824
2725,mouth,[3],celeba_hq_01058,celeba_hq_02058,2825
2726,mouth,[3],celeba_hq_01059,celeba_hq_02059,2826
2727,mouth,[3],celeba_hq_01060,celeba_hq_02060,2827
2728,mouth,[3],celeba_hq_01061,celeba_hq_02061,2828
2729,mouth,[3],celeba_hq_01062,celeba_hq_02062,2829
2730,mouth,[3],celeba_hq_01063,celeba_hq_02063,2830
2731,mouth,[3],celeba_hq_01064,celeba_hq_02064,2831
2732,mouth,[3],celeba_hq_01065,celeba_hq_02065,2832
2733,mouth,[3],celeba_hq_01066,celeba_hq_02066,2833
2734,mouth,[3],celeba_hq_01067,celeba_hq_02067,2834
2735,mouth,[3],celeba_hq_01068,celeba_hq_02068,2835
2736,mouth,[3],celeba_hq_01069,celeba_hq_02069,2836
2737,mouth,[3],celeba_hq_01070,celeba_hq_02070,2837
2738,mouth,[3],celeba_hq_01071,celeba_hq_02071,2838
2739,mouth,[3],celeba_hq_01072,celeba_hq_02072,2839
2740,mouth,[3],celeba_hq_01073,celeba_hq_02073,2840
2741,mouth,[3],celeba_hq_01074,celeba_hq_02074,2841
2742,mouth,[3],celeba_hq_01075,celeba_hq_02075,2842
2743,mouth,[3],celeba_hq_01076,celeba_hq_02076,2843
2744,mouth,[3],celeba_hq_01077,celeba_hq_02077,2844
2745,mouth,[3],celeba_hq_01078,celeba_hq_02078,2845
2746,mouth,[3],celeba_hq_01079,celeba_hq_02079,2846
2747,mouth,[3],celeba_hq_01080,celeba_hq_02080,2847
2748,mouth,[3],celeba_hq_01081,celeba_hq_02081,2848
2749,mouth,[3],celeba_hq_01082,celeba_hq_02082,2849
2750,mouth,[3],celeba_hq_01083,celeba_hq_02083,2850
2751,mouth,[3],celeba_hq_01084,celeba_hq_02084,2851
2752,mouth,[3],celeba_hq_01085,celeba_hq_02085,2852
2753,mouth,[3],celeba_hq_01086,celeba_hq_02086,2853
2754,mouth,[3],celeba_hq_01087,celeba_hq_02087,2854
2755,mouth,[3],celeba_hq_01088,celeba_hq_02088,2855
2756,mouth,[3],celeba_hq_01089,celeba_hq_02089,2856
2757,mouth,[3],celeba_hq_01090,celeba_hq_02090,2857
2758,mouth,[3],celeba_hq_01091,celeba_hq_02091,2858
2759,mouth,[3],celeba_hq_01092,celeba_hq_02092,2859
2760,mouth,[3],celeba_hq_01093,celeba_hq_02093,2860
2761,mouth,[3],celeba_hq_01094,celeba_hq_02094,2861
2762,mouth,[3],celeba_hq_01095,celeba_hq_02095,2862
2763,mouth,[3],celeba_hq_01096,celeba_hq_02096,2863
2764,mouth,[3],celeba_hq_01097,celeba_hq_02097,2864
2765,mouth,[3],celeba_hq_01098,celeba_hq_02098,2865
2766,mouth,[3],celeba_hq_01099,celeba_hq_02099,2866
2767,mouth,[3],celeba_hq_01100,celeba_hq_02100,2867
2768,mouth,[3],celeba_hq_01101,celeba_hq_02101,2868
2769,mouth,[3],celeba_hq_01102,celeba_hq_02102,2869
2770,mouth,[3],celeba_hq_01103,celeba_hq_02103,2870
2771,mouth,[3],celeba_hq_01104,celeba_hq_02104,2871
2772,mouth,[3],celeba_hq_01105,celeba_hq_02105,2872
2773,mouth,[3],celeba_hq_01106,celeba_hq_02106,2873
2774,mouth,[3],celeba_hq_01107,celeba_hq_02107,2874
2775,mouth,[3],celeba_hq_01108,celeba_hq_02108,2875
2776,mouth,[3],celeba_hq_01109,celeba_hq_02109,2876
2777,mouth,[3],celeba_hq_01110,celeba_hq_02110,2877
2778,mouth,[3],celeba_hq_01111,celeba_hq_02111,2878
2779,mouth,[3],celeba_hq_01112,celeba_hq_02112,2879
2780,mouth,[3],celeba_hq_01113,celeba_hq_02113,2880
2781,mouth,[3],celeba_hq_01114,celeba_hq_02114,2881
2782,mouth,[3],celeba_hq_01115,celeba_hq_02115,2882
2783,mouth,[3],celeba_hq_01116,celeba_hq_02116,2883
2784,mouth,[3],celeba_hq_01117,celeba_hq_02117,2884
2785,mouth,[3],celeba_hq_01118,celeba_hq_02118,2885
2786,mouth,[3],celeba_hq_01119,celeba_hq_02119,2886
2787,mouth,[3],celeba_hq_01120,celeba_hq_02120,2887
2788,mouth,[3],celeba_hq_01121,celeba_hq_02121,2888
2789,mouth,[3],celeba_hq_01122,celeba_hq_02122,2889
2790,mouth,[3],celeba_hq_01123,celeba_hq_02123,2890
2791,mouth,[3],celeba_hq_01124,celeba_hq_02124,2891
2792,mouth,[3],celeba_hq_01125,celeba_hq_02125,2892
2793,mouth,[3],celeba_hq_01126,celeba_hq_02126,2893
2794,mouth,[3],celeba_hq_01127,celeba_hq_02127,2894
2795,mouth,[3],celeba_hq_01128,celeba_hq_02128,2895
2796,mouth,[3],celeba_hq_01129,celeba_hq_02129,2896
2797,mouth,[3],celeba_hq_01130,celeba_hq_02130,2897
2798,mouth,[3],celeba_hq_01131,celeba_hq_02131,2898
2799,mouth,[3],celeba_hq_01132,celeba_hq_02132,2899
2800,mouth,[3],celeba_hq_01133,celeba_hq_02133,2900
2801,mouth,[3],celeba_hq_01134,celeba_hq_02134,2901
2802,mouth,[3],celeba_hq_01135,celeba_hq_02135,2902
2803,mouth,[3],celeba_hq_01136,celeba_hq_02136,2903
2804,mouth,[3],celeba_hq_01137,celeba_hq_02137,2904
2805,mouth,[3],celeba_hq_01138,celeba_hq_02138,2905
2806,mouth,[3],celeba_hq_01139,celeba_hq_02139,2906
2807,mouth,[3],celeba_hq_01140,celeba_hq_02140,2907
2808,mouth,[3],celeba_hq_01141,celeba_hq_02141,2908
2809,mouth,[3],celeba_hq_01142,celeba_hq_02142,2909
2810,mouth,[3],celeba_hq_01143,celeba_hq_02143,2910
2811,mouth,[3],celeba_hq_01144,celeba_hq_02144,2911
2812,mouth,[3],celeba_hq_01145,celeba_hq_02145,2912
2813,mouth,[3],celeba_hq_01146,celeba_hq_02146,2913
2814,mouth,[3],celeba_hq_01147,celeba_hq_02147,2914
2815,mouth,[3],celeba_hq_01148,celeba_hq_02148,2915
2816,mouth,[3],celeba_hq_01149,celeba_hq_02149,2916
2817,mouth,[3],celeba_hq_01150,celeba_hq_02150,2917
2818,mouth,[3],celeba_hq_01151,celeba_hq_02151,2918
2819,mouth,[3],celeba_hq_01152,celeba_hq_02152,2919
2820,mouth,[3],celeba_hq_01153,celeba_hq_02153,2920
2821,mouth,[3],celeba_hq_01154,celeba_hq_02154,2921
2822,mouth,[3],celeba_hq_01155,celeba_hq_02155,2922
2823,mouth,[3],celeba_hq_01156,celeba_hq_02156,2923
2824,mouth,[3],celeba_hq_01157,celeba_hq_02157,2924
2825,mouth,[3],celeba_hq_01158,celeba_hq_02158,2925
2826,mouth,[3],celeba_hq_01159,celeba_hq_02159,2926
2827,mouth,[3],celeba_hq_01160,celeba_hq_02160,2927
2828,mouth,[3],celeba_hq_01161,celeba_hq_02161,2928
2829,mouth,[3],celeba_hq_01162,celeba_hq_02162,2929
2830,mouth,[3],celeba_hq_01163,celeba_hq_02163,2930
2831,mouth,[3],celeba_hq_01164,celeba_hq_02164,2931
2832,mouth,[3],celeba_hq_01165,celeba_hq_02165,2932
2833,mouth,[3],celeba_hq_01166,celeba_hq_02166,2933
2834,mouth,[3],celeba_hq_01167,celeba_hq_02167,2934
2835,mouth,[3],celeba_hq_01168,celeba_hq_02168,2935
2836,mouth,[3],celeba_hq_01169,celeba_hq_02169,2936
2837,mouth,[3],celeba_hq_01170,celeba_hq_02170,2937
2838,mouth,[3],celeba_hq_01171,celeba_hq_02171,2938
2839,mouth,[3],celeba_hq_01172,celeba_hq_02172,2939
2840,mouth,[3],celeba_hq_01173,celeba_hq_02173,2940
2841,mouth,[3],celeba_hq_01174,celeba_hq_02174,2941
2842,mouth,[3],celeba_hq_01175,celeba_hq_02175,2942
2843,mouth,[3],celeba_hq_01176,celeba_hq_02176,2943
2844,mouth,[3],celeba_hq_01177,celeba_hq_02177,2944
2845,mouth,[3],celeba_hq_01178,celeba_hq_02178,2945
2846,mouth,[3],celeba_hq_01179,celeba_hq_02179,2946
2847,mouth,[3],celeba_hq_01180,celeba_hq_02180,2947
2848,mouth,[3],celeba_hq_01181,celeba_hq_02181,2948
2849,mouth,[3],celeba_hq_01182,celeba_hq_02182,2949
2850,mouth,[3],celeba_hq_01183,celeba_hq_02183,2950
2851,mouth,[3],celeba_hq_01184,celeba_hq_02184,2951
2852,mouth,[3],celeba_hq_01185,celeba_hq_02185,2952
2853,mouth,[3],celeba_hq_01186,celeba_hq_02186,2953
2854,mouth,[3],celeba_hq_01187,celeba_hq_02187,2954
2855,mouth,[3],celeba_hq_01188,celeba_hq_02188,2955
2856,mouth,[3],celeba_hq_01189,celeba_hq_02189,2956
2857,mouth,[3],celeba_hq_01190,celeba_hq_02190,2957
2858,mouth,[3],celeba_hq_01191,celeba_hq_02191,2958
2859,mouth,[3],celeba_hq_01192,celeba_hq_02192,2959
2860,mouth,[3],celeba_hq_01193,celeba_hq_02193,2960
2861,mouth,[3],celeba_hq_01194,celeba_hq_02194,2961
2862,mouth,[3],celeba_hq_01195,celeba_hq_02195,2962
2863,mouth,[3],celeba_hq_01196,celeba_hq_02196,2963
2864,mouth,[3],celeba_hq_01197,celeba_hq_02197,2964
2865,mouth,[3],celeba_hq_01198,celeba_hq_02198,2965
2866,mouth,[3],celeba_hq_01199,celeba_hq_02199,2966
2867,mouth,[3],celeba_hq_01200,celeba_hq_02200,2967
2868,mouth,[3],celeba_hq_01201,celeba_hq_02201,2968
2869,mouth,[3],celeba_hq_01202,celeba_hq_02202,2969
2870,mouth,[3],celeba_hq_01203,celeba_hq_02203,2970
2871,mouth,[3],celeba_hq_01204,celeba_hq_02204,2971
2872,mouth,[3],celeba_hq_01205,celeba_hq_02205,2972
2873,mouth,[3],celeba_hq_01206,celeba_hq_02206,2973
2874,mouth,[3],celeba_hq_01207,celeba_hq_02207,2974
2875,mouth,[3],celeba_hq_01208,celeba_hq_02208,2975
2876,mouth,[3],celeba_hq_01209,celeba_hq_02209,2976
2877,mouth,[3],celeba_hq_01210,celeba_hq_02210,2977
2878,mouth,[3],celeba_hq_01211,celeba_hq_02211,2978
2879,mouth,[3],celeba_hq_01212,celeba_hq_02212,2979
2880,mouth,[3],celeba_hq_01213,celeba_hq_02213,2980
2881,mouth,[3],celeba_hq_01214,celeba_hq_02214,2981
2882,mouth,[3],celeba_hq_01215,celeba_hq_02215,2982
2883,mouth,[3],celeba_hq_01216,celeba_hq_02216,2983
2884,mouth,[3],celeba_hq_01217,celeba_hq_02217,2984
2885,mouth,[3],celeba_hq_01218,celeba_hq_02218,2985
2886,mouth,[3],celeba_hq_01219,celeba_hq_02219,2986
2887,mouth,[3],celeba_hq_01220,celeba_hq_02220,2987
2888,mouth,[3],celeba_hq_01221,celeba_hq_02221,2988
2889,mouth,[3],celeba_hq_01222,celeba_hq_02222,2989
2890,mouth,[3],celeba_hq_01223,celeba_hq_02223,2990
2891,mouth,[3],celeba_hq_01224,celeba_hq_02224,2991
2892,mouth,[3],celeba_hq_01225,celeba_hq_02225,2992
2893,mouth,[3],celeba_hq_01226,celeba_hq_02226,2993
2894,mouth,[3],celeba_hq_01227,celeba_hq_02227,2994
2895,mouth,[3],celeba_hq_01228,celeba_hq_02228,2995
2896,mouth,[3],celeba_hq_01229,celeba_hq_02229,2996
2897,mouth,[3],celeba_hq_01230,celeba_hq_02230,2997
2898,mouth,[3],celeba_hq_01231,celeba_hq_02231,2998
2899,mouth,[3],celeba_hq_01232,celeba_hq_02232,2999
2900,mouth,[3],celeba_hq_01233,celeba_hq_02233,3000
2901,mouth,[3],celeba_hq_01234,celeba_hq_02234,3001
2902,mouth,[3],celeba_hq_01235,celeba_hq_02235,3002
2903,mouth,[3],celeba_hq_01236,celeba_hq_02236,3003
2904,mouth,[3],celeba_hq_01237,celeba_hq_02237,3004
2905,mouth,[3],celeba_hq_01238,celeba_hq_02238,3005
2906,mouth,[3],celeba_hq_01239,celeba_hq_02239,3006
2907,mouth,[3],celeba_hq_01240,celeba_hq_02240,3007
2908,mouth,[3],celeba_hq_01241,celeba_hq_02241,3008
2909,mouth,[3],celeba_hq_01242,celeba_hq_02242,3009
2910,mouth,[3],celeba_hq_01243,celeba_hq_02243,3010
2911,mouth,[3],celeba_hq_01244,celeba_hq_02244,3011
2912,mouth,[3],celeba_hq_01245,celeba_hq_02245,3012
2913,mouth,[3],celeba_hq_01246,celeba_hq_02246,3013
2914,mouth,[3],celeba_hq_01247,celeba_hq_02247,3014
2915,mouth,[3],celeba_hq_01248,celeba_hq_02248,3015
2916,mouth,[3],celeba_hq_01249,celeba_hq_02249,3016
2917,mouth,[3],celeba_hq_01250,celeba_hq_02250,3017
2918,mouth,[3],celeba_hq_01251,celeba_hq_02251,3018
2919,mouth,[3],celeba_hq_01252,celeba_hq_02252,3019
2920,mouth,[3],celeba_hq_01253,celeba_hq_02253,3020
2921,mouth,[3],celeba_hq_01254,celeba_hq_02254,3021
2922,mouth,[3],celeba_hq_01255,celeba_hq_02255,3022
2923,mouth,[3],celeba_hq_01256,celeba_hq_02256,3023
2924,mouth,[3],celeba_hq_01257,celeba_hq_02257,3024
2925,mouth,[3],celeba_hq_01258,celeba_hq_02258,3025
2926,mouth,[3],celeba_hq_01259,celeba_hq_02259,3026
2927,mouth,[3],celeba_hq_01260,celeba_hq_02260,3027
2928,mouth,[3],celeba_hq_01261,celeba_hq_02261,3028
2929,mouth,[3],celeba_hq_01262,celeba_hq_02262,3029
2930,mouth,[3],celeba_hq_01263,celeba_hq_02263,3030
2931,mouth,[3],celeba_hq_01264,celeba_hq_02264,3031
2932,mouth,[3],celeba_hq_01265,celeba_hq_02265,3032
2933,mouth,[3],celeba_hq_01266,celeba_hq_02266,3033
2934,mouth,[3],celeba_hq_01267,celeba_hq_02267,3034
2935,mouth,[3],celeba_hq_01268,celeba_hq_02268,3035
2936,mouth,[3],celeba_hq_01269,celeba_hq_02269,3036
2937,mouth,[3],celeba_hq_01270,celeba_hq_02270,3037
2938,mouth,[3],celeba_hq_01271,celeba_hq_02271,3038
2939,mouth,[3],celeba_hq_01272,celeba_hq_02272,3039
2940,mouth,[3],celeba_hq_01273,celeba_hq_02273,3040
2941,mouth,[3],celeba_hq_01274,celeba_hq_02274,3041
2942,mouth,[3],celeba_hq_01275,celeba_hq_02275,3042
2943,mouth,[3],celeba_hq_01276,celeba_hq_02276,3043
2944,mouth,[3],celeba_hq_01277,celeba_hq_02277,3044
2945,mouth,[3],celeba_hq_01278,celeba_hq_02278,3045
2946,mouth,[3],celeba_hq_01279,celeba_hq_02279,3046
2947,mouth,[3],celeba_hq_01280,celeba_hq_02280,3047
2948,mouth,[3],celeba_hq_01281,celeba_hq_02281,3048
2949,mouth,[3],celeba_hq_01282,celeba_hq_02282,3049
2950,mouth,[3],celeba_hq_01283,celeba_hq_02283,3050
2951,mouth,[3],celeba_hq_01284,celeba_hq_02284,3051
2952,mouth,[3],celeba_hq_01285,celeba_hq_02285,3052
2953,mouth,[3],celeba_hq_01286,celeba_hq_02286,3053
2954,mouth,[3],celeba_hq_01287,celeba_hq_02287,3054
2955,mouth,[3],celeba_hq_01288,celeba_hq_02288,3055
2956,mouth,[3],celeba_hq_01289,celeba_hq_02289,3056
2957,mouth,[3],celeba_hq_01290,celeba_hq_02290,3057
2958,mouth,[3],celeba_hq_01291,celeba_hq_02291,3058
2959,mouth,[3],celeba_hq_01292,celeba_hq_02292,3059
2960,mouth,[3],celeba_hq_01293,celeba_hq_02293,3060
2961,mouth,[3],celeba_hq_01294,celeba_hq_02294,3061
2962,mouth,[3],celeba_hq_01295,celeba_hq_02295,3062
2963,mouth,[3],celeba_hq_01296,celeba_hq_02296,3063
2964,mouth,[3],celeba_hq_01297,celeba_hq_02297,3064
2965,mouth,[3],celeba_hq_01298,celeba_hq_02298,3065
2966,mouth,[3],celeba_hq_01299,celeba_hq_02299,3066
2967,mouth,[3],celeba_hq_01300,celeba_hq_02300,3067
2968,mouth,[3],celeba_hq_01301,celeba_hq_02301,3068
2969,mouth,[3],celeba_hq_01302,celeba_hq_02302,3069
2970,mouth,[3],celeba_hq_01303,celeba_hq_02303,3070
2971,mouth,[3],celeba_hq_01304,celeba_hq_02304,3071
2972,mouth,[3],celeba_hq_01305,celeba_hq_02305,3072
2973,mouth,[3],celeba_hq_01306,celeba_hq_02306,3073
2974,mouth,[3],celeba_hq_01307,celeba_hq_02307,3074
2975,mouth,[3],celeba_hq_01308,celeba_hq_02308,3075
2976,mouth,[3],celeba_hq_01309,celeba_hq_02309,3076
2977,mouth,[3],celeba_hq_01310,celeba_hq_02310,3077
2978,mouth,[3],celeba_hq_01311,celeba_hq_02311,3078
2979,mouth,[3],celeba_hq_01312,celeba_hq_02312,3079
2980,mouth,[3],celeba_hq_01313,celeba_hq_02313,3080
2981,mouth,[3],celeba_hq_01314,celeba_hq_02314,3081
2982,mouth,[3],celeba_hq_01315,celeba_hq_02315,3082
2983,mouth,[3],celeba_hq_01316,celeba_hq_02316,3083
2984,mouth,[3],celeba_hq_01317,celeba_hq_02317,3084
2985,mouth,[3],celeba_hq_01318,celeba_hq_02318,3085
2986,mouth,[3],celeba_hq_01319,celeba_hq_02319,3086
2987,mouth,[3],celeba_hq_01320,celeba_hq_02320,3087
2988,mouth,[3],celeba_hq_01321,celeba_hq_02321,3088
2989,mouth,[3],celeba_hq_01322,celeba_hq_02322,3089
2990,mouth,[3],celeba_hq_01323,celeba_hq_02323,3090
2991,mouth,[3],celeba_hq_01324,celeba_hq_02324,3091
2992,mouth,[3],celeba_hq_01325,celeba_hq_02325,3092
2993,mouth,[3],celeba_hq_01326,celeba_hq_02326,3093
2994,mouth,[3],celeba_hq_01327,celeba_hq_02327,3094
2995,mouth,[3],celeba_hq_01328,celeba_hq_02328,3095
2996,mouth,[3],celeba_hq_01329,celeba_hq_02329,3096
2997,mouth,[3],celeba_hq_01330,celeba_hq_02330,3097
2998,mouth,[3],celeba_hq_01331,celeba_hq_02331,3098
2999,mouth,[3],celeba_hq_01332,celeba_hq_02332,3099
3000,mouth,[3],celeba_hq_01333,celeba_hq_02333,3100
3001,mouth,[3],celeba_hq_01334,celeba_hq_02334,3101
3002,mouth,[3],celeba_hq_01335,celeba_hq_02335,3102
3003,mouth,[3],celeba_hq_01336,celeba_hq_02336,3103
3004,mouth,[3],celeba_hq_01337,celeba_hq_02337,3104
3005,mouth,[3],celeba_hq_01338,celeba_hq_02338,3105
3006,mouth,[3],celeba_hq_01339,celeba_hq_02339,3106
3007,mouth,[3],celeba_hq_01340,celeba_hq_02340,3107
3008,mouth,[3],celeba_hq_01341,celeba_hq_02341,3108
3009,mouth,[3],celeba_hq_01342,celeba_hq_02342,3109
3010,mouth,[3],celeba_hq_01343,celeba_hq_02343,3110
3011,mouth,[3],celeba_hq_01344,celeba_hq_02344,3111
3012,mouth,[3],celeba_hq_01345,celeba_hq_02345,3112
3013,mouth,[3],celeba_hq_01346,celeba_hq_02346,3113
3014,mouth,[3],celeba_hq_01347,celeba_hq_02347,3114
3015,mouth,[3],celeba_hq_01348,celeba_hq_02348,3115
3016,mouth,[3],celeba_hq_01349,celeba_hq_02349,3116
3017,mouth,[3],celeba_hq_01350,celeba_hq_02350,3117
3018,mouth,[3],celeba_hq_01351,celeba_hq_02351,3118
3019,mouth,[3],celeba_hq_01352,celeba_hq_02352,3119
3020,mouth,[3],celeba_hq_01353,celeba_hq_02353,3120
3021,mouth,[3],celeba_hq_01354,celeba_hq_02354,3121
3022,mouth,[3],celeba_hq_01355,celeba_hq_02355,3122
3023,mouth,[3],celeba_hq_01356,celeba_hq_02356,3123
3024,mouth,[3],celeba_hq_01357,celeba_hq_02357,3124
3025,mouth,[3],celeba_hq_01358,celeba_hq_02358,3125
3026,mouth,[3],celeba_hq_01359,celeba_hq_02359,3126
3027,mouth,[3],celeba_hq_01360,celeba_hq_02360,3127
3028,mouth,[3],celeba_hq_01361,celeba_hq_02361,3128
3029,mouth,[3],celeba_hq_01362,celeba_hq_02362,3129
3030,mouth,[3],celeba_hq_01363,celeba_hq_02363,3130
3031,mouth,[3],celeba_hq_01364,celeba_hq_02364,3131
3032,mouth,[3],celeba_hq_01365,celeba_hq_02365,3132
3033,mouth,[3],celeba_hq_01366,celeba_hq_02366,3133
3034,mouth,[3],celeba_hq_01367,celeba_hq_02367,3134
3035,mouth,[3],celeba_hq_01368,celeba_hq_02368,3135
3036,mouth,[3],celeba_hq_01369,celeba_hq_02369,3136
3037,mouth,[3],celeba_hq_01370,celeba_hq_02370,3137
3038,mouth,[3],celeba_hq_01371,celeba_hq_02371,3138
3039,mouth,[3],celeba_hq_01372,celeba_hq_02372,3139
3040,mouth,[3],celeba_hq_01373,celeba_hq_02373,3140
3041,mouth,[3],celeba_hq_01374,celeba_hq_02374,3141
3042,mouth,[3],celeba_hq_01375,celeba_hq_02375,3142
3043,mouth,[3],celeba_hq_01376,celeba_hq_02376,3143
3044,mouth,[3],celeba_hq_01377,celeba_hq_02377,3144
3045,mouth,[3],celeba_hq_01378,celeba_hq_02378,3145
3046,mouth,[3],celeba_hq_01379,celeba_hq_02379,3146
3047,mouth,[3],celeba_hq_01380,celeba_hq_02380,3147
3048,mouth,[3],celeba_hq_01381,celeba_hq_02381,3148
3049,mouth,[3],celeba_hq_01382,celeba_hq_02382,3149
3050,mouth,[3],celeba_hq_01383,celeba_hq_02383,3150
3051,mouth,[3],celeba_hq_01384,celeba_hq_02384,3151
3052,mouth,[3],celeba_hq_01385,celeba_hq_02385,3152
3053,mouth,[3],celeba_hq_01386,celeba_hq_02386,3153
3054,mouth,[3],celeba_hq_01387,celeba_hq_02387,3154
3055,mouth,[3],celeba_hq_01388,celeba_hq_02388,3155
3056,mouth,[3],celeba_hq_01389,celeba_hq_02389,3156
3057,mouth,[3],celeba_hq_01390,celeba_hq_02390,3157
3058,mouth,[3],celeba_hq_01391,celeba_hq_02391,3158
3059,mouth,[3],celeba_hq_01392,celeba_hq_02392,3159
3060,mouth,[3],celeba_hq_01393,celeba_hq_02393,3160
3061,mouth,[3],celeba_hq_01394,celeba_hq_02394,3161
3062,mouth,[3],celeba_hq_01395,celeba_hq_02395,3162
3063,mouth,[3],celeba_hq_01396,celeba_hq_02396,3163
3064,mouth,[3],celeba_hq_01397,celeba_hq_02397,3164
3065,mouth,[3],celeba_hq_01398,celeba_hq_02398,3165
3066,mouth,[3],celeba_hq_01399,celeba_hq_02399,3166
3067,mouth,[3],celeba_hq_01400,celeba_hq_02400,3167
3068,mouth,[3],celeba_hq_01401,celeba_hq_02401,3168
3069,mouth,[3],celeba_hq_01402,celeba_hq_02402,3169
3070,mouth,[3],celeba_hq_01403,celeba_hq_02403,3170
3071,mouth,[3],celeba_hq_01404,celeba_hq_02404,3171
3072,mouth,[3],celeba_hq_01405,celeba_hq_02405,3172
3073,mouth,[3],celeba_hq_01406,celeba_hq_02406,3173
3074,mouth,[3],celeba_hq_01407,celeba_hq_02407,3174
3075,mouth,[3],celeba_hq_01408,celeba_hq_02408,3175
3076,mouth,[3],celeba_hq_01409,celeba_hq_02409,3176
3077,mouth,[3],celeba_hq_01410,celeba_hq_02410,3177
3078,mouth,[3],celeba_hq_01411,celeba_hq_02411,3178
3079,mouth,[3],celeba_hq_01412,celeba_hq_02412,3179
3080,mouth,[3],celeba_hq_01413,celeba_hq_02413,3180
3081,mouth,[3],celeba_hq_01414,celeba_hq_02414,3181
3082,mouth,[3],celeba_hq_01415,celeba_hq_02415,3182
3083,mouth,[3],celeba_hq_01416,celeba_hq_02416,3183
3084,mouth,[3],celeba_hq_01417,celeba_hq_02417,3184
3085,mouth,[3],celeba_hq_01418,celeba_hq_02418,3185
3086,mouth,[3],celeba_hq_01419,celeba_hq_02419,3186
3087,mouth,[3],celeba_hq_01420,celeba_hq_02420,3187
3088,mouth,[3],celeba_hq_01421,celeba_hq_02421,3188
3089,mouth,[3],celeba_hq_01422,celeba_hq_02422,3189
3090,mouth,[3],celeba_hq_01423,celeba_hq_02423,3190
3091,mouth,[3],celeba_hq_01424,celeba_hq_02424,3191
3092,mouth,[3],celeba_hq_01425,celeba_hq_02425,3192
3093,mouth,[3],celeba_hq_01426,celeba_hq_02426,3193
3094,mouth,[3],celeba_hq_01427,celeba_hq_02427,3194
3095,mouth,[3],celeba_hq_01428,celeba_hq_02428,3195
3096,mouth,[3],celeba_hq_01429,celeba_hq_02429,3196
3097,mouth,[3],celeba_hq_01430,celeba_hq_02430,3197
3098,mouth,[3],celeba_hq_01431,celeba_hq_02431,3198
3099,mouth,[3],celeba_hq_01432,celeba_hq_02432,3199
3100,mouth,[3],celeba_hq_01433,celeba_hq_02433,3200
3101,mouth,[3],celeba_hq_01434,celeba_hq_02434,3201
3102,mouth,[3],celeba_hq_01435,celeba_hq_02435,3202
3103,mouth,[3],celeba_hq_01436,celeba_hq_02436,3203
3104,mouth,[3],celeba_hq_01437,celeba_hq_02437,3204
3105,mouth,[3],celeba_hq_01438,celeba_hq_02438,3205
3106,mouth,[3],celeba_hq_01439,celeba_hq_02439,3206
3107,mouth,[3],celeba_hq_01440,celeba_hq_02440,3207
3108,mouth,[3],celeba_hq_01441,celeba_hq_02441,3208
3109,mouth,[3],celeba_hq_01442,celeba_hq_02442,3209
3110,mouth,[3],celeba_hq_01443,celeba_hq_02443,3210
3111,mouth,[3],celeba_hq_01444,celeba_hq_02444,3211
3112,mouth,[3],celeba_hq_01445,celeba_hq_02445,3212
3113,mouth,[3],celeba_hq_01446,celeba_hq_02446,3213
3114,mouth,[3],celeba_hq_01447,celeba_hq_02447,3214
3115,mouth,[3],celeba_hq_01448,celeba_hq_02448,3215
3116,mouth,[3],celeba_hq_01449,celeba_hq_02449,3216
3117,mouth,[3],celeba_hq_01450,celeba_hq_02450,3217
3118,mouth,[3],celeba_hq_01451,celeba_hq_02451,3218
3119,mouth,[3],celeba_hq_01452,celeba_hq_02452,3219
3120,mouth,[3],celeba_hq_01453,celeba_hq_02453,3220
3121,mouth,[3],celeba_hq_01454,celeba_hq_02454,3221
3122,mouth,[3],celeba_hq_01455,celeba_hq_02455,3222
3123,mouth,[3],celeba_hq_01456,celeba_hq_02456,3223
3124,mouth,[3],celeba_hq_01457,celeba_hq_02457,3224
3125,mouth,[3],celeba_hq_01458,celeba_hq_02458,3225
3126,mouth,[3],celeba_hq_01459,celeba_hq_02459,3226
3127,mouth,[3],celeba_hq_01460,celeba_hq_02460,3227
3128,mouth,[3],celeba_hq_01461,celeba_hq_02461,3228
3129,mouth,[3],celeba_hq_01462,celeba_hq_02462,3229
3130,mouth,[3],celeba_hq_01463,celeba_hq_02463,3230
3131,mouth,[3],celeba_hq_01464,celeba_hq_02464,3231
3132,mouth,[3],celeba_hq_01465,celeba_hq_02465,3232
3133,mouth,[3],celeba_hq_01466,celeba_hq_02466,3233
3134,mouth,[3],celeba_hq_01467,celeba_hq_02467,3234
3135,mouth,[3],celeba_hq_01468,celeba_hq_02468,3235
3136,mouth,[3],celeba_hq_01469,celeba_hq_02469,3236
3137,mouth,[3],celeba_hq_01470,celeba_hq_02470,3237
3138,mouth,[3],celeba_hq_01471,celeba_hq_02471,3238
3139,mouth,[3],celeba_hq_01472,celeba_hq_02472,3239
3140,mouth,[3],celeba_hq_01473,celeba_hq_02473,3240
3141,mouth,[3],celeba_hq_01474,celeba_hq_02474,3241
3142,mouth,[3],celeba_hq_01475,celeba_hq_02475,3242
3143,mouth,[3],celeba_hq_01476,celeba_hq_02476,3243
3144,mouth,[3],celeba_hq_01477,celeba_hq_02477,3244
3145,mouth,[3],celeba_hq_01478,celeba_hq_02478,3245
3146,mouth,[3],celeba_hq_01479,celeba_hq_02479,3246
3147,mouth,[3],celeba_hq_01480,celeba_hq_02480,3247
3148,mouth,[3],celeba_hq_01481,celeba_hq_02481,3248
3149,mouth,[3],celeba_hq_01482,celeba_hq_02482,3249
3150,mouth,[3],celeba_hq_01483,celeba_hq_02483,3250
3151,mouth,[3],celeba_hq_01484,celeba_hq_02484,3251
3152,mouth,[3],celeba_hq_01485,celeba_hq_02485,3252
3153,mouth,[3],celeba_hq_01486,celeba_hq_02486,3253
3154,mouth,[3],celeba_hq_01487,celeba_hq_02487,3254
3155,mouth,[3],celeba_hq_01488,celeba_hq_02488,3255
3156,mouth,[3],celeba_hq_01489,celeba_hq_02489,3256
3157,mouth,[3],celeba_hq_01490,celeba_hq_02490,3257
3158,mouth,[3],celeba_hq_01491,celeba_hq_02491,3258
3159,mouth,[3],celeba_hq_01492,celeba_hq_02492,3259
3160,mouth,[3],celeba_hq_01493,celeba_hq_02493,3260
3161,mouth,[3],celeba_hq_01494,celeba_hq_02494,3261
3162,mouth,[3],celeba_hq_01495,celeba_hq_02495,3262
3163,mouth,[3],celeba_hq_01496,celeba_hq_02496,3263
3164,mouth,[3],celeba_hq_01497,celeba_hq_02497,3264
3165,mouth,[3],celeba_hq_01498,celeba_hq_02498,3265
3166,mouth,[3],celeba_hq_01499,celeba_hq_02499,3266
3167,mouth,[3],celeba_hq_01500,celeba_hq_02500,3267
3168,mouth,[3],celeba_hq_01501,celeba_hq_02501,3268
3169,mouth,[3],celeba_hq_01502,celeba_hq_02502,3269
3170,mouth,[3],celeba_hq_01503,celeba_hq_02503,3270
3171,mouth,[3],celeba_hq_01504,celeba_hq_02504,3271
3172,mouth,[3],celeba_hq_01505,celeba_hq_02505,3272
3173,mouth,[3],celeba_hq_01506,celeba_hq_02506,3273
3174,mouth,[3],celeba_hq_01507,celeba_hq_02507,3274
3175,mouth,[3],celeba_hq_01508,celeba_hq_02508,3275
3176,mouth,[3],celeba_hq_01509,celeba_hq_02509,3276
3177,mouth,[3],celeba_hq_01510,celeba_hq_02510,3277
3178,mouth,[3],celeba_hq_01511,celeba_hq_02511,3278
3179,mouth,[3],celeba_hq_01512,celeba_hq_02512,3279
3180,mouth,[3],celeba_hq_01513,celeba_hq_02513,3280
3181,mouth,[3],celeba_hq_01514,celeba_hq_02514,3281
3182,mouth,[3],celeba_hq_01515,celeba_hq_02515,3282
3183,mouth,[3],celeba_hq_01516,celeba_hq_02516,3283
3184,mouth,[3],celeba_hq_01517,celeba_hq_02517,3284
3185,mouth,[3],celeba_hq_01518,celeba_hq_02518,3285
3186,mouth,[3],celeba_hq_01519,celeba_hq_02519,3286
3187,mouth,[3],celeba_hq_01520,celeba_hq_02520,3287
3188,mouth,[3],celeba_hq_01521,celeba_hq_02521,3288
3189,mouth,[3],celeba_hq_01522,celeba_hq_02522,3289
3190,mouth,[3],celeba_hq_01523,celeba_hq_02523,3290
3191,mouth,[3],celeba_hq_01524,celeba_hq_02524,3291
3192,mouth,[3],celeba_hq_01525,celeba_hq_02525,3292
3193,mouth,[3],celeba_hq_01526,celeba_hq_02526,3293
3194,mouth,[3],celeba_hq_01527,celeba_hq_02527,3294
3195,mouth,[3],celeba_hq_01528,celeba_hq_02528,3295
3196,mouth,[3],celeba_hq_01529,celeba_hq_02529,3296
3197,mouth,[3],celeba_hq_01530,celeba_hq_02530,3297
3198,mouth,[3],celeba_hq_01531,celeba_hq_02531,3298
3199,mouth,[3],celeba_hq_01532,celeba_hq_02532,3299
3200,mouth,[3],celeba_hq_01533,celeba_hq_02533,3300
3201,mouth,[3],celeba_hq_01534,celeba_hq_02534,3301
3202,mouth,[3],celeba_hq_01535,celeba_hq_02535,3302
3203,mouth,[3],celeba_hq_01536,celeba_hq_02536,3303
3204,mouth,[3],celeba_hq_01537,celeba_hq_02537,3304
3205,mouth,[3],celeba_hq_01538,celeba_hq_02538,3305
3206,mouth,[3],celeba_hq_01539,celeba_hq_02539,3306
3207,mouth,[3],celeba_hq_01540,celeba_hq_02540,3307
3208,mouth,[3],celeba_hq_01541,celeba_hq_02541,3308
3209,mouth,[3],celeba_hq_01542,celeba_hq_02542,3309
3210,mouth,[3],celeba_hq_01543,celeba_hq_02543,3310
3211,mouth,[3],celeba_hq_01544,celeba_hq_02544,3311
3212,mouth,[3],celeba_hq_01545,celeba_hq_02545,3312
3213,mouth,[3],celeba_hq_01546,celeba_hq_02546,3313
3214,mouth,[3],celeba_hq_01547,celeba_hq_02547,3314
3215,mouth,[3],celeba_hq_01548,celeba_hq_02548,3315
3216,mouth,[3],celeba_hq_01549,celeba_hq_02549,3316
3217,mouth,[3],celeba_hq_01550,celeba_hq_02550,3317
3218,mouth,[3],celeba_hq_01551,celeba_hq_02551,3318
3219,mouth,[3],celeba_hq_01552,celeba_hq_02552,3319
3220,mouth,[3],celeba_hq_01553,celeba_hq_02553,3320
3221,mouth,[3],celeba_hq_01554,celeba_hq_02554,3321
3222,mouth,[3],celeba_hq_01555,celeba_hq_02555,3322
3223,mouth,[3],celeba_hq_01556,celeba_hq_02556,3323
3224,mouth,[3],celeba_hq_01557,celeba_hq_02557,3324
3225,mouth,[3],celeba_hq_01558,celeba_hq_02558,3325
3226,mouth,[3],celeba_hq_01559,celeba_hq_02559,3326
3227,mouth,[3],celeba_hq_01560,celeba_hq_02560,3327
3228,mouth,[3],celeba_hq_01561,celeba_hq_02561,3328
3229,mouth,[3],celeba_hq_01562,celeba_hq_02562,3329
3230,mouth,[3],celeba_hq_01563,celeba_hq_02563,3330
3231,mouth,[3],celeba_hq_01564,celeba_hq_02564,3331
3232,mouth,[3],celeba_hq_01565,celeba_hq_02565,3332
3233,mouth,[3],celeba_hq_01566,celeba_hq_02566,3333
3234,mouth,[3],celeba_hq_01567,celeba_hq_02567,3334
3235,mouth,[3],celeba_hq_01568,celeba_hq_02568,3335
3236,mouth,[3],celeba_hq_01569,celeba_hq_02569,3336
3237,mouth,[3],celeba_hq_01570,celeba_hq_02570,3337
3238,mouth,[3],celeba_hq_01571,celeba_hq_02571,3338
3239,mouth,[3],celeba_hq_01572,celeba_hq_02572,3339
3240,mouth,[3],celeba_hq_01573,celeba_hq_02573,3340
3241,mouth,[3],celeba_hq_01574,celeba_hq_02574,3341
3242,mouth,[3],celeba_hq_01575,celeba_hq_02575,3342
3243,mouth,[3],celeba_hq_01576,celeba_hq_02576,3343
3244,mouth,[3],celeba_hq_01577,celeba_hq_02577,3344
3245,mouth,[3],celeba_hq_01578,celeba_hq_02578,3345
3246,mouth,[3],celeba_hq_01579,celeba_hq_02579,3346
3247,mouth,[3],celeba_hq_01580,celeba_hq_02580,3347
3248,mouth,[3],celeba_hq_01581,celeba_hq_02581,3348
3249,mouth,[3],celeba_hq_01582,celeba_hq_02582,3349
3250,mouth,[3],celeba_hq_01583,celeba_hq_02583,3350
3251,mouth,[3],celeba_hq_01584,celeba_hq_02584,3351
3252,mouth,[3],celeba_hq_01585,celeba_hq_02585,3352
3253,mouth,[3],celeba_hq_01586,celeba_hq_02586,3353
3254,mouth,[3],celeba_hq_01587,celeba_hq_02587,3354
3255,mouth,[3],celeba_hq_01588,celeba_hq_02588,3355
3256,mouth,[3],celeba_hq_01589,celeba_hq_02589,3356
3257,mouth,[3],celeba_hq_01590,celeba_hq_02590,3357
3258,mouth,[3],celeba_hq_01591,celeba_hq_02591,3358
3259,mouth,[3],celeba_hq_01592,celeba_hq_02592,3359
3260,mouth,[3],celeba_hq_01593,celeba_hq_02593,3360
3261,mouth,[3],celeba_hq_01594,celeba_hq_02594,3361
3262,mouth,[3],celeba_hq_01595,celeba_hq_02595,3362
3263,mouth,[3],celeba_hq_01596,celeba_hq_02596,3363
3264,mouth,[3],celeba_hq_01597,celeba_hq_02597,3364
3265,mouth,[3],celeba_hq_01598,celeba_hq_02598,3365
3266,mouth,[3],celeba_hq_01599,celeba_hq_02599,3366
3267,mouth,[3],celeba_hq_01600,celeba_hq_02600,3367
3268,mouth,[3],celeba_hq_01601,celeba_hq_02601,3368
3269,mouth,[3],celeba_hq_01602,celeba_hq_02602,3369
3270,mouth,[3],celeba_hq_01603,celeba_hq_02603,3370
3271,mouth,[3],celeba_hq_01604,celeba_hq_02604,3371
3272,mouth,[3],celeba_hq_01605,celeba_hq_02605,3372
3273,mouth,[3],celeba_hq_01606,celeba_hq_02606,3373
3274,mouth,[3],celeba_hq_01607,celeba_hq_02607,3374
3275,mouth,[3],celeba_hq_01608,celeba_hq_02608,3375
3276,mouth,[3],celeba_hq_01609,celeba_hq_02609,3376
3277,mouth,[3],celeba_hq_01610,celeba_hq_02610,3377
3278,mouth,[3],celeba_hq_01611,celeba_hq_02611,3378
3279,mouth,[3],celeba_hq_01612,celeba_hq_02612,3379
3280,mouth,[3],celeba_hq_01613,celeba_hq_02613,3380
3281,mouth,[3],celeba_hq_01614,celeba_hq_02614,3381
3282,mouth,[3],celeba_hq_01615,celeba_hq_02615,3382
3283,mouth,[3],celeba_hq_01616,celeba_hq_02616,3383
3284,mouth,[3],celeba_hq_01617,celeba_hq_02617,3384
3285,mouth,[3],celeba_hq_01618,celeba_hq_02618,3385
3286,mouth,[3],celeba_hq_01619,celeba_hq_02619,3386
3287,mouth,[3],celeba_hq_01620,celeba_hq_02620,3387
3288,mouth,[3],celeba_hq_01621,celeba_hq_02621,3388
3289,mouth,[3],celeba_hq_01622,celeba_hq_02622,3389
3290,mouth,[3],celeba_hq_01623,celeba_hq_02623,3390
3291,mouth,[3],celeba_hq_01624,celeba_hq_02624,3391
3292,mouth,[3],celeba_hq_01625,celeba_hq_02625,3392
3293,mouth,[3],celeba_hq_01626,celeba_hq_02626,3393
3294,mouth,[3],celeba_hq_01627,celeba_hq_02627,3394
3295,mouth,[3],celeba_hq_01628,celeba_hq_02628,3395
3296,mouth,[3],celeba_hq_01629,celeba_hq_02629,3396
3297,mouth,[3],celeba_hq_01630,celeba_hq_02630,3397
3298,mouth,[3],celeba_hq_01631,celeba_hq_02631,3398
3299,mouth,[3],celeba_hq_01632,celeba_hq_02632,3399
3300,mouth,[3],celeba_hq_01633,celeba_hq_02633,3400
3301,mouth,[3],celeba_hq_01634,celeba_hq_02634,3401
3302,mouth,[3],celeba_hq_01635,celeba_hq_02635,3402
3303,mouth,[3],celeba_hq_01636,celeba_hq_02636,3403
3304,mouth,[3],celeba_hq_01637,celeba_hq_02637,3404
3305,mouth,[3],celeba_hq_01638,celeba_hq_02638,3405
3306,mouth,[3],celeba_hq_01639,celeba_hq_02639,3406
3307,mouth,[3],celeba_hq_01640,celeba_hq_02640,3407
3308,mouth,[3],celeba_hq_01641,celeba_hq_02641,3408
3309,mouth,[3],celeba_hq_01642,celeba_hq_02642,3409
3310,mouth,[3],celeba_hq_01643,celeba_hq_02643,3410
3311,mouth,[3],celeba_hq_01644,celeba_hq_02644,3411
3312,mouth,[3],celeba_hq_01645,celeba_hq_02645,3412
3313,mouth,[3],celeba_hq_01646,celeba_hq_02646,3413
3314,mouth,[3],celeba_hq_01647,celeba_hq_02647,3414
3315,mouth,[3],celeba_hq_01648,celeba_hq_02648,3415
3316,mouth,[3],celeba_hq_01649,celeba_hq_02649,3416
3317,mouth,[3],celeba_hq_01650,celeba_hq_02650,3417
3318,mouth,[3],celeba_hq_01651,celeba_hq_02651,3418
3319,mouth,[3],celeba_hq_01652,celeba_hq_02652,3419
3320,mouth,[3],celeba_hq_01653,celeba_hq_02653,3420
3321,mouth,[3],celeba_hq_01654,celeba_hq_02654,3421
3322,mouth,[3],celeba_hq_01655,celeba_hq_02655,3422
3323,mouth,[3],celeba_hq_01656,celeba_hq_02656,3423
3324,mouth,[3],celeba_hq_01657,celeba_hq_02657,3424
3325,mouth,[3],celeba_hq_01658,celeba_hq_02658,3425
3326,mouth,[3],celeba_hq_01659,celeba_hq_02659,3426
3327,mouth,[3],celeba_hq_01660,celeba_hq_02660,3427
3328,mouth,[3],celeba_hq_01661,celeba_hq_02661,3428
3329,mouth,[3],celeba_hq_01662,celeba_hq_02662,3429
3330,mouth,[3],celeba_hq_01663,celeba_hq_02663,3430
3331,mouth,[3],celeba_hq_01664,celeba_hq_02664,3431
3332,mouth,[3],celeba_hq_01665,celeba_hq_02665,3432
3333,mouth,[3],celeba_hq_01666,celeba_hq_02666,3433
3334,nose,[2],celeba_hq_00000,celeba_hq_01000,3434
3335,nose,[2],celeba_hq_00001,celeba_hq_01001,3435
3336,nose,[2],celeba_hq_00002,celeba_hq_01002,3436
3337,nose,[2],celeba_hq_00003,celeba_hq_01003,3437
3338,nose,[2],celeba_hq_00004,celeba_hq_01004,3438
3339,nose,[2],celeba_hq_00005,celeba_hq_01005,3439
3340,nose,[2],celeba_hq_00006,celeba_hq_01006,3440
3341,nose,[2],celeba_hq_00007,celeba_hq_01007,3441
3342,nose,[2],celeba_hq_00008,celeba_hq_01008,3442
3343,nose,[2],celeba_hq_00009,celeba_hq_01009,3443
3344,nose,[2],celeba_hq_00010,celeba_hq_01010,3444
3345,nose,[2],celeba_hq_00011,celeba_hq_01011,3445
3346,nose,[2],celeba_hq_00012,celeba_hq_01012,3446
3347,nose,[2],celeba_hq_00013,celeba_hq_01013,3447
3348,nose,[2],celeba_hq_00014,celeba_hq_01014,3448
3349,nose,[2],celeba_hq_00015,celeba_hq_01015,3449
3350,nose,[2],celeba_hq_00016,celeba_hq_01016,3450
3351,nose,[2],celeba_hq_00017,celeba_hq_01017,3451
3352,nose,[2],celeba_hq_00018,celeba_hq_01018,3452
3353,nose,[2],celeba_hq_00019,celeba_hq_01019,3453
3354,nose,[2],celeba_hq_00020,celeba_hq_01020,3454
3355,nose,[2],celeba_hq_00021,celeba_hq_01021,3455
3356,nose,[2],celeba_hq_00022,celeba_hq_01022,3456
3357,nose,[2],celeba_hq_00023,celeba_hq_01023,3457
3358,nose,[2],celeba_hq_00024,celeba_hq_01024,3458
3359,nose,[2],celeba_hq_00025,celeba_hq_01025,3459
3360,nose,[2],celeba_hq_00026,celeba_hq_01026,3460
3361,nose,[2],celeba_hq_00027,celeba_hq_01027,3461
3362,nose,[2],celeba_hq_00028,celeba_hq_01028,3462
3363,nose,[2],celeba_hq_00029,celeba_hq_01029,3463
3364,nose,[2],celeba_hq_00030,celeba_hq_01030,3464
3365,nose,[2],celeba_hq_00031,celeba_hq_01031,3465
3366,nose,[2],celeba_hq_00032,celeba_hq_01032,3466
3367,nose,[2],celeba_hq_00033,celeba_hq_01033,3467
3368,nose,[2],celeba_hq_00034,celeba_hq_01034,3468
3369,nose,[2],celeba_hq_00035,celeba_hq_01035,3469
3370,nose,[2],celeba_hq_00036,celeba_hq_01036,3470
3371,nose,[2],celeba_hq_00037,celeba_hq_01037,3471
3372,nose,[2],celeba_hq_00038,celeba_hq_01038,3472
3373,nose,[2],celeba_hq_00039,celeba_hq_01039,3473
3374,nose,[2],celeba_hq_00040,celeba_hq_01040,3474
3375,nose,[2],celeba_hq_00041,celeba_hq_01041,3475
3376,nose,[2],celeba_hq_00042,celeba_hq_01042,3476
3377,nose,[2],celeba_hq_00043,celeba_hq_01043,3477
3378,nose,[2],celeba_hq_00044,celeba_hq_01044,3478
3379,nose,[2],celeba_hq_00045,celeba_hq_01045,3479
3380,nose,[2],celeba_hq_00046,celeba_hq_01046,3480
3381,nose,[2],celeba_hq_00047,celeba_hq_01047,3481
3382,nose,[2],celeba_hq_00048,celeba_hq_01048,3482
3383,nose,[2],celeba_hq_00049,celeba_hq_01049,3483
3384,nose,[2],celeba_hq_00050,celeba_hq_01050,3484
3385,nose,[2],celeba_hq_00051,celeba_hq_01051,3485
3386,nose,[2],celeba_hq_00052,celeba_hq_01052,3486
3387,nose,[2],celeba_hq_00053,celeba_hq_01053,3487
3388,nose,[2],celeba_hq_00054,celeba_hq_01054,3488
3389,nose,[2],celeba_hq_00055,celeba_hq_01055,3489
3390,nose,[2],celeba_hq_00056,celeba_hq_01056,3490
3391,nose,[2],celeba_hq_00057,celeba_hq_01057,3491
3392,nose,[2],celeba_hq_00058,celeba_hq_01058,3492
3393,nose,[2],celeba_hq_00059,celeba_hq_01059,3493
3394,nose,[2],celeba_hq_00060,celeba_hq_01060,3494
3395,nose,[2],celeba_hq_00061,celeba_hq_01061,3495
3396,nose,[2],celeba_hq_00062,celeba_hq_01062,3496
3397,nose,[2],celeba_hq_00063,celeba_hq_01063,3497
3398,nose,[2],celeba_hq_00064,celeba_hq_01064,3498
3399,nose,[2],celeba_hq_00065,celeba_hq_01065,3499
3400,nose,[2],celeba_hq_00066,celeba_hq_01066,3500
3401,nose,[2],celeba_hq_00067,celeba_hq_01067,3501
3402,nose,[2],celeba_hq_00068,celeba_hq_01068,3502
3403,nose,[2],celeba_hq_00069,celeba_hq_01069,3503
3404,nose,[2],celeba_hq_00070,celeba_hq_01070,3504
3405,nose,[2],celeba_hq_00071,celeba_hq_01071,3505
3406,nose,[2],celeba_hq_00072,celeba_hq_01072,3506
3407,nose,[2],celeba_hq_00073,celeba_hq_01073,3507
3408,nose,[2],celeba_hq_00074,celeba_hq_01074,3508
3409,nose,[2],celeba_hq_00075,celeba_hq_01075,3509
3410,nose,[2],celeba_hq_00076,celeba_hq_01076,3510
3411,nose,[2],celeba_hq_00077,celeba_hq_01077,3511
3412,nose,[2],celeba_hq_00078,celeba_hq_01078,3512
3413,nose,[2],celeba_hq_00079,celeba_hq_01079,3513
3414,nose,[2],celeba_hq_00080,celeba_hq_01080,3514
3415,nose,[2],celeba_hq_00081,celeba_hq_01081,3515
3416,nose,[2],celeba_hq_00082,celeba_hq_01082,3516
3417,nose,[2],celeba_hq_00083,celeba_hq_01083,3517
3418,nose,[2],celeba_hq_00084,celeba_hq_01084,3518
3419,nose,[2],celeba_hq_00085,celeba_hq_01085,3519
3420,nose,[2],celeba_hq_00086,celeba_hq_01086,3520
3421,nose,[2],celeba_hq_00087,celeba_hq_01087,3521
3422,nose,[2],celeba_hq_00088,celeba_hq_01088,3522
3423,nose,[2],celeba_hq_00089,celeba_hq_01089,3523
3424,nose,[2],celeba_hq_00090,celeba_hq_01090,3524
3425,nose,[2],celeba_hq_00091,celeba_hq_01091,3525
3426,nose,[2],celeba_hq_00092,celeba_hq_01092,3526
3427,nose,[2],celeba_hq_00093,celeba_hq_01093,3527
3428,nose,[2],celeba_hq_00094,celeba_hq_01094,3528
3429,nose,[2],celeba_hq_00095,celeba_hq_01095,3529
3430,nose,[2],celeba_hq_00096,celeba_hq_01096,3530
3431,nose,[2],celeba_hq_00097,celeba_hq_01097,3531
3432,nose,[2],celeba_hq_00098,celeba_hq_01098,3532
3433,nose,[2],celeba_hq_00099,celeba_hq_01099,3533
3434,nose,[2],celeba_hq_00100,celeba_hq_01100,3534
3435,nose,[2],celeba_hq_00101,celeba_hq_01101,3535
3436,nose,[2],celeba_hq_00102,celeba_hq_01102,3536
3437,nose,[2],celeba_hq_00103,celeba_hq_01103,3537
3438,nose,[2],celeba_hq_00104,celeba_hq_01104,3538
3439,nose,[2],celeba_hq_00105,celeba_hq_01105,3539
3440,nose,[2],celeba_hq_00106,celeba_hq_01106,3540
3441,nose,[2],celeba_hq_00107,celeba_hq_01107,3541
3442,nose,[2],celeba_hq_00108,celeba_hq_01108,3542
3443,nose,[2],celeba_hq_00109,celeba_hq_01109,3543
3444,nose,[2],celeba_hq_00110,celeba_hq_01110,3544
3445,nose,[2],celeba_hq_00111,celeba_hq_01111,3545
3446,nose,[2],celeba_hq_00112,celeba_hq_01112,3546
3447,nose,[2],celeba_hq_00113,celeba_hq_01113,3547
3448,nose,[2],celeba_hq_00114,celeba_hq_01114,3548
3449,nose,[2],celeba_hq_00115,celeba_hq_01115,3549
3450,nose,[2],celeba_hq_00116,celeba_hq_01116,3550
3451,nose,[2],celeba_hq_00117,celeba_hq_01117,3551
3452,nose,[2],celeba_hq_00118,celeba_hq_01118,3552
3453,nose,[2],celeba_hq_00119,celeba_hq_01119,3553
3454,nose,[2],celeba_hq_00120,celeba_hq_01120,3554
3455,nose,[2],celeba_hq_00121,celeba_hq_01121,3555
3456,nose,[2],celeba_hq_00122,celeba_hq_01122,3556
3457,nose,[2],celeba_hq_00123,celeba_hq_01123,3557
3458,nose,[2],celeba_hq_00124,celeba_hq_01124,3558
3459,nose,[2],celeba_hq_00125,celeba_hq_01125,3559
3460,nose,[2],celeba_hq_00126,celeba_hq_01126,3560
3461,nose,[2],celeba_hq_00127,celeba_hq_01127,3561
3462,nose,[2],celeba_hq_00128,celeba_hq_01128,3562
3463,nose,[2],celeba_hq_00129,celeba_hq_01129,3563
3464,nose,[2],celeba_hq_00130,celeba_hq_01130,3564
3465,nose,[2],celeba_hq_00131,celeba_hq_01131,3565
3466,nose,[2],celeba_hq_00132,celeba_hq_01132,3566
3467,nose,[2],celeba_hq_00133,celeba_hq_01133,3567
3468,nose,[2],celeba_hq_00134,celeba_hq_01134,3568
3469,nose,[2],celeba_hq_00135,celeba_hq_01135,3569
3470,nose,[2],celeba_hq_00136,celeba_hq_01136,3570
3471,nose,[2],celeba_hq_00137,celeba_hq_01137,3571
3472,nose,[2],celeba_hq_00138,celeba_hq_01138,3572
3473,nose,[2],celeba_hq_00139,celeba_hq_01139,3573
3474,nose,[2],celeba_hq_00140,celeba_hq_01140,3574
3475,nose,[2],celeba_hq_00141,celeba_hq_01141,3575
3476,nose,[2],celeba_hq_00142,celeba_hq_01142,3576
3477,nose,[2],celeba_hq_00143,celeba_hq_01143,3577
3478,nose,[2],celeba_hq_00144,celeba_hq_01144,3578
3479,nose,[2],celeba_hq_00145,celeba_hq_01145,3579
3480,nose,[2],celeba_hq_00146,celeba_hq_01146,3580
3481,nose,[2],celeba_hq_00147,celeba_hq_01147,3581
3482,nose,[2],celeba_hq_00148,celeba_hq_01148,3582
3483,nose,[2],celeba_hq_00149,celeba_hq_01149,3583
3484,nose,[2],celeba_hq_00150,celeba_hq_01150,3584
3485,nose,[2],celeba_hq_00151,celeba_hq_01151,3585
3486,nose,[2],celeba_hq_00152,celeba_hq_01152,3586
3487,nose,[2],celeba_hq_00153,celeba_hq_01153,3587
3488,nose,[2],celeba_hq_00154,celeba_hq_01154,3588
3489,nose,[2],celeba_hq_00155,celeba_hq_01155,3589
3490,nose,[2],celeba_hq_00156,celeba_hq_01156,3590
3491,nose,[2],celeba_hq_00157,celeba_hq_01157,3591
3492,nose,[2],celeba_hq_00158,celeba_hq_01158,3592
3493,nose,[2],celeba_hq_00159,celeba_hq_01159,3593
3494,nose,[2],celeba_hq_00160,celeba_hq_01160,3594
3495,nose,[2],celeba_hq_00161,celeba_hq_01161,3595
3496,nose,[2],celeba_hq_00162,celeba_hq_01162,3596
3497,nose,[2],celeba_hq_00163,celeba_hq_01163,3597
3498,nose,[2],celeba_hq_00164,celeba_hq_01164,3598
3499,nose,[2],celeba_hq_00165,celeba_hq_01165,3599
3500,nose,[2],celeba_hq_00166,celeba_hq_01166,3600
3501,nose,[2],celeba_hq_00167,celeba_hq_01167,3601
3502,nose,[2],celeba_hq_00168,celeba_hq_01168,3602
3503,nose,[2],celeba_hq_00169,celeba_hq_01169,3603
3504,nose,[2],celeba_hq_00170,celeba_hq_01170,3604
3505,nose,[2],celeba_hq_00171,celeba_hq_01171,3605
3506,nose,[2],celeba_hq_00172,celeba_hq_01172,3606
3507,nose,[2],celeba_hq_00173,celeba_hq_01173,3607
3508,nose,[2],celeba_hq_00174,celeba_hq_01174,3608
3509,nose,[2],celeba_hq_00175,celeba_hq_01175,3609
3510,nose,[2],celeba_hq_00176,celeba_hq_01176,3610
3511,nose,[2],celeba_hq_00177,celeba_hq_01177,3611
3512,nose,[2],celeba_hq_00178,celeba_hq_01178,3612
3513,nose,[2],celeba_hq_00179,celeba_hq_01179,3613
3514,nose,[2],celeba_hq_00180,celeba_hq_01180,3614
3515,nose,[2],celeba_hq_00181,celeba_hq_01181,3615
3516,nose,[2],celeba_hq_00182,celeba_hq_01182,3616
3517,nose,[2],celeba_hq_00183,celeba_hq_01183,3617
3518,nose,[2],celeba_hq_00184,celeba_hq_01184,3618
3519,nose,[2],celeba_hq_00185,celeba_hq_01185,3619
3520,nose,[2],celeba_hq_00186,celeba_hq_01186,3620
3521,nose,[2],celeba_hq_00187,celeba_hq_01187,3621
3522,nose,[2],celeba_hq_00188,celeba_hq_01188,3622
3523,nose,[2],celeba_hq_00189,celeba_hq_01189,3623
3524,nose,[2],celeba_hq_00190,celeba_hq_01190,3624
3525,nose,[2],celeba_hq_00191,celeba_hq_01191,3625
3526,nose,[2],celeba_hq_00192,celeba_hq_01192,3626
3527,nose,[2],celeba_hq_00193,celeba_hq_01193,3627
3528,nose,[2],celeba_hq_00194,celeba_hq_01194,3628
3529,nose,[2],celeba_hq_00195,celeba_hq_01195,3629
3530,nose,[2],celeba_hq_00196,celeba_hq_01196,3630
3531,nose,[2],celeba_hq_00197,celeba_hq_01197,3631
3532,nose,[2],celeba_hq_00198,celeba_hq_01198,3632
3533,nose,[2],celeba_hq_00199,celeba_hq_01199,3633
3534,nose,[2],celeba_hq_00200,celeba_hq_01200,3634
3535,nose,[2],celeba_hq_00201,celeba_hq_01201,3635
3536,nose,[2],celeba_hq_00202,celeba_hq_01202,3636
3537,nose,[2],celeba_hq_00203,celeba_hq_01203,3637
3538,nose,[2],celeba_hq_00204,celeba_hq_01204,3638
3539,nose,[2],celeba_hq_00205,celeba_hq_01205,3639
3540,nose,[2],celeba_hq_00206,celeba_hq_01206,3640
3541,nose,[2],celeba_hq_00207,celeba_hq_01207,3641
3542,nose,[2],celeba_hq_00208,celeba_hq_01208,3642
3543,nose,[2],celeba_hq_00209,celeba_hq_01209,3643
3544,nose,[2],celeba_hq_00210,celeba_hq_01210,3644
3545,nose,[2],celeba_hq_00211,celeba_hq_01211,3645
3546,nose,[2],celeba_hq_00212,celeba_hq_01212,3646
3547,nose,[2],celeba_hq_00213,celeba_hq_01213,3647
3548,nose,[2],celeba_hq_00214,celeba_hq_01214,3648
3549,nose,[2],celeba_hq_00215,celeba_hq_01215,3649
3550,nose,[2],celeba_hq_00216,celeba_hq_01216,3650
3551,nose,[2],celeba_hq_00217,celeba_hq_01217,3651
3552,nose,[2],celeba_hq_00218,celeba_hq_01218,3652
3553,nose,[2],celeba_hq_00219,celeba_hq_01219,3653
3554,nose,[2],celeba_hq_00220,celeba_hq_01220,3654
3555,nose,[2],celeba_hq_00221,celeba_hq_01221,3655
3556,nose,[2],celeba_hq_00222,celeba_hq_01222,3656
3557,nose,[2],celeba_hq_00223,celeba_hq_01223,3657
3558,nose,[2],celeba_hq_00224,celeba_hq_01224,3658
3559,nose,[2],celeba_hq_00225,celeba_hq_01225,3659
3560,nose,[2],celeba_hq_00226,celeba_hq_01226,3660
3561,nose,[2],celeba_hq_00227,celeba_hq_01227,3661
3562,nose,[2],celeba_hq_00228,celeba_hq_01228,3662
3563,nose,[2],celeba_hq_00229,celeba_hq_01229,3663
3564,nose,[2],celeba_hq_00230,celeba_hq_01230,3664
3565,nose,[2],celeba_hq_00231,celeba_hq_01231,3665
3566,nose,[2],celeba_hq_00232,celeba_hq_01232,3666
3567,nose,[2],celeba_hq_00233,celeba_hq_01233,3667
3568,nose,[2],celeba_hq_00234,celeba_hq_01234,3668
3569,nose,[2],celeba_hq_00235,celeba_hq_01235,3669
3570,nose,[2],celeba_hq_00236,celeba_hq_01236,3670
3571,nose,[2],celeba_hq_00237,celeba_hq_01237,3671
3572,nose,[2],celeba_hq_00238,celeba_hq_01238,3672
3573,nose,[2],celeba_hq_00239,celeba_hq_01239,3673
3574,nose,[2],celeba_hq_00240,celeba_hq_01240,3674
3575,nose,[2],celeba_hq_00241,celeba_hq_01241,3675
3576,nose,[2],celeba_hq_00242,celeba_hq_01242,3676
3577,nose,[2],celeba_hq_00243,celeba_hq_01243,3677
3578,nose,[2],celeba_hq_00244,celeba_hq_01244,3678
3579,nose,[2],celeba_hq_00245,celeba_hq_01245,3679
3580,nose,[2],celeba_hq_00246,celeba_hq_01246,3680
3581,nose,[2],celeba_hq_00247,celeba_hq_01247,3681
3582,nose,[2],celeba_hq_00248,celeba_hq_01248,3682
3583,nose,[2],celeba_hq_00249,celeba_hq_01249,3683
3584,nose,[2],celeba_hq_00250,celeba_hq_01250,3684
3585,nose,[2],celeba_hq_00251,celeba_hq_01251,3685
3586,nose,[2],celeba_hq_00252,celeba_hq_01252,3686
3587,nose,[2],celeba_hq_00253,celeba_hq_01253,3687
3588,nose,[2],celeba_hq_00254,celeba_hq_01254,3688
3589,nose,[2],celeba_hq_00255,celeba_hq_01255,3689
3590,nose,[2],celeba_hq_00256,celeba_hq_01256,3690
3591,nose,[2],celeba_hq_00257,celeba_hq_01257,3691
3592,nose,[2],celeba_hq_00258,celeba_hq_01258,3692
3593,nose,[2],celeba_hq_00259,celeba_hq_01259,3693
3594,nose,[2],celeba_hq_00260,celeba_hq_01260,3694
3595,nose,[2],celeba_hq_00261,celeba_hq_01261,3695
3596,nose,[2],celeba_hq_00262,celeba_hq_01262,3696
3597,nose,[2],celeba_hq_00263,celeba_hq_01263,3697
3598,nose,[2],celeba_hq_00264,celeba_hq_01264,3698
3599,nose,[2],celeba_hq_00265,celeba_hq_01265,3699
3600,nose,[2],celeba_hq_00266,celeba_hq_01266,3700
3601,nose,[2],celeba_hq_00267,celeba_hq_01267,3701
3602,nose,[2],celeba_hq_00268,celeba_hq_01268,3702
3603,nose,[2],celeba_hq_00269,celeba_hq_01269,3703
3604,nose,[2],celeba_hq_00270,celeba_hq_01270,3704
3605,nose,[2],celeba_hq_00271,celeba_hq_01271,3705
3606,nose,[2],celeba_hq_00272,celeba_hq_01272,3706
3607,nose,[2],celeba_hq_00273,celeba_hq_01273,3707
3608,nose,[2],celeba_hq_00274,celeba_hq_01274,3708
3609,nose,[2],celeba_hq_00275,celeba_hq_01275,3709
3610,nose,[2],celeba_hq_00276,celeba_hq_01276,3710
3611,nose,[2],celeba_hq_00277,celeba_hq_01277,3711
3612,nose,[2],celeba_hq_00278,celeba_hq_01278,3712
3613,nose,[2],celeba_hq_00279,celeba_hq_01279,3713
3614,nose,[2],celeba_hq_00280,celeba_hq_01280,3714
3615,nose,[2],celeba_hq_00281,celeba_hq_01281,3715
3616,nose,[2],celeba_hq_00282,celeba_hq_01282,3716
3617,nose,[2],celeba_hq_00283,celeba_hq_01283,3717
3618,nose,[2],celeba_hq_00284,celeba_hq_01284,3718
3619,nose,[2],celeba_hq_00285,celeba_hq_01285,3719
3620,nose,[2],celeba_hq_00286,celeba_hq_01286,3720
3621,nose,[2],celeba_hq_00287,celeba_hq_01287,3721
3622,nose,[2],celeba_hq_00288,celeba_hq_01288,3722
3623,nose,[2],celeba_hq_00289,celeba_hq_01289,3723
3624,nose,[2],celeba_hq_00290,celeba_hq_01290,3724
3625,nose,[2],celeba_hq_00291,celeba_hq_01291,3725
3626,nose,[2],celeba_hq_00292,celeba_hq_01292,3726
3627,nose,[2],celeba_hq_00293,celeba_hq_01293,3727
3628,nose,[2],celeba_hq_00294,celeba_hq_01294,3728
3629,nose,[2],celeba_hq_00295,celeba_hq_01295,3729
3630,nose,[2],celeba_hq_00296,celeba_hq_01296,3730
3631,nose,[2],celeba_hq_00297,celeba_hq_01297,3731
3632,nose,[2],celeba_hq_00298,celeba_hq_01298,3732
3633,nose,[2],celeba_hq_00299,celeba_hq_01299,3733
3634,nose,[2],celeba_hq_00300,celeba_hq_01300,3734
3635,nose,[2],celeba_hq_00301,celeba_hq_01301,3735
3636,nose,[2],celeba_hq_00302,celeba_hq_01302,3736
3637,nose,[2],celeba_hq_00303,celeba_hq_01303,3737
3638,nose,[2],celeba_hq_00304,celeba_hq_01304,3738
3639,nose,[2],celeba_hq_00305,celeba_hq_01305,3739
3640,nose,[2],celeba_hq_00306,celeba_hq_01306,3740
3641,nose,[2],celeba_hq_00307,celeba_hq_01307,3741
3642,nose,[2],celeba_hq_00308,celeba_hq_01308,3742
3643,nose,[2],celeba_hq_00309,celeba_hq_01309,3743
3644,nose,[2],celeba_hq_00310,celeba_hq_01310,3744
3645,nose,[2],celeba_hq_00311,celeba_hq_01311,3745
3646,nose,[2],celeba_hq_00312,celeba_hq_01312,3746
3647,nose,[2],celeba_hq_00313,celeba_hq_01313,3747
3648,nose,[2],celeba_hq_00314,celeba_hq_01314,3748
3649,nose,[2],celeba_hq_00315,celeba_hq_01315,3749
3650,nose,[2],celeba_hq_00316,celeba_hq_01316,3750
3651,nose,[2],celeba_hq_00317,celeba_hq_01317,3751
3652,nose,[2],celeba_hq_00318,celeba_hq_01318,3752
3653,nose,[2],celeba_hq_00319,celeba_hq_01319,3753
3654,nose,[2],celeba_hq_00320,celeba_hq_01320,3754
3655,nose,[2],celeba_hq_00321,celeba_hq_01321,3755
3656,nose,[2],celeba_hq_00322,celeba_hq_01322,3756
3657,nose,[2],celeba_hq_00323,celeba_hq_01323,3757
3658,nose,[2],celeba_hq_00324,celeba_hq_01324,3758
3659,nose,[2],celeba_hq_00325,celeba_hq_01325,3759
3660,nose,[2],celeba_hq_00326,celeba_hq_01326,3760
3661,nose,[2],celeba_hq_00327,celeba_hq_01327,3761
3662,nose,[2],celeba_hq_00328,celeba_hq_01328,3762
3663,nose,[2],celeba_hq_00329,celeba_hq_01329,3763
3664,nose,[2],celeba_hq_00330,celeba_hq_01330,3764
3665,nose,[2],celeba_hq_00331,celeba_hq_01331,3765
3666,nose,[2],celeba_hq_00332,celeba_hq_01332,3766
3667,nose,[2],celeba_hq_00333,celeba_hq_01333,3767
3668,nose,[2],celeba_hq_00334,celeba_hq_01334,3768
3669,nose,[2],celeba_hq_00335,celeba_hq_01335,3769
3670,nose,[2],celeba_hq_00336,celeba_hq_01336,3770
3671,nose,[2],celeba_hq_00337,celeba_hq_01337,3771
3672,nose,[2],celeba_hq_00338,celeba_hq_01338,3772
3673,nose,[2],celeba_hq_00339,celeba_hq_01339,3773
3674,nose,[2],celeba_hq_00340,celeba_hq_01340,3774
3675,nose,[2],celeba_hq_00341,celeba_hq_01341,3775
3676,nose,[2],celeba_hq_00342,celeba_hq_01342,3776
3677,nose,[2],celeba_hq_00343,celeba_hq_01343,3777
3678,nose,[2],celeba_hq_00344,celeba_hq_01344,3778
3679,nose,[2],celeba_hq_00345,celeba_hq_01345,3779
3680,nose,[2],celeba_hq_00346,celeba_hq_01346,3780
3681,nose,[2],celeba_hq_00347,celeba_hq_01347,3781
3682,nose,[2],celeba_hq_00348,celeba_hq_01348,3782
3683,nose,[2],celeba_hq_00349,celeba_hq_01349,3783
3684,nose,[2],celeba_hq_00350,celeba_hq_01350,3784
3685,nose,[2],celeba_hq_00351,celeba_hq_01351,3785
3686,nose,[2],celeba_hq_00352,celeba_hq_01352,3786
3687,nose,[2],celeba_hq_00353,celeba_hq_01353,3787
3688,nose,[2],celeba_hq_00354,celeba_hq_01354,3788
3689,nose,[2],celeba_hq_00355,celeba_hq_01355,3789
3690,nose,[2],celeba_hq_00356,celeba_hq_01356,3790
3691,nose,[2],celeba_hq_00357,celeba_hq_01357,3791
3692,nose,[2],celeba_hq_00358,celeba_hq_01358,3792
3693,nose,[2],celeba_hq_00359,celeba_hq_01359,3793
3694,nose,[2],celeba_hq_00360,celeba_hq_01360,3794
3695,nose,[2],celeba_hq_00361,celeba_hq_01361,3795
3696,nose,[2],celeba_hq_00362,celeba_hq_01362,3796
3697,nose,[2],celeba_hq_00363,celeba_hq_01363,3797
3698,nose,[2],celeba_hq_00364,celeba_hq_01364,3798
3699,nose,[2],celeba_hq_00365,celeba_hq_01365,3799
3700,nose,[2],celeba_hq_00366,celeba_hq_01366,3800
3701,nose,[2],celeba_hq_00367,celeba_hq_01367,3801
3702,nose,[2],celeba_hq_00368,celeba_hq_01368,3802
3703,nose,[2],celeba_hq_00369,celeba_hq_01369,3803
3704,nose,[2],celeba_hq_00370,celeba_hq_01370,3804
3705,nose,[2],celeba_hq_00371,celeba_hq_01371,3805
3706,nose,[2],celeba_hq_00372,celeba_hq_01372,3806
3707,nose,[2],celeba_hq_00373,celeba_hq_01373,3807
3708,nose,[2],celeba_hq_00374,celeba_hq_01374,3808
3709,nose,[2],celeba_hq_00375,celeba_hq_01375,3809
3710,nose,[2],celeba_hq_00376,celeba_hq_01376,3810
3711,nose,[2],celeba_hq_00377,celeba_hq_01377,3811
3712,nose,[2],celeba_hq_00378,celeba_hq_01378,3812
3713,nose,[2],celeba_hq_00379,celeba_hq_01379,3813
3714,nose,[2],celeba_hq_00380,celeba_hq_01380,3814
3715,nose,[2],celeba_hq_00381,celeba_hq_01381,3815
3716,nose,[2],celeba_hq_00382,celeba_hq_01382,3816
3717,nose,[2],celeba_hq_00383,celeba_hq_01383,3817
3718,nose,[2],celeba_hq_00384,celeba_hq_01384,3818
3719,nose,[2],celeba_hq_00385,celeba_hq_01385,3819
3720,nose,[2],celeba_hq_00386,celeba_hq_01386,3820
3721,nose,[2],celeba_hq_00387,celeba_hq_01387,3821
3722,nose,[2],celeba_hq_00388,celeba_hq_01388,3822
3723,nose,[2],celeba_hq_00389,celeba_hq_01389,3823
3724,nose,[2],celeba_hq_00390,celeba_hq_01390,3824
3725,nose,[2],celeba_hq_00391,celeba_hq_01391,3825
3726,nose,[2],celeba_hq_00392,celeba_hq_01392,3826
3727,nose,[2],celeba_hq_00393,celeba_hq_01393,3827
3728,nose,[2],celeba_hq_00394,celeba_hq_01394,3828
3729,nose,[2],celeba_hq_00395,celeba_hq_01395,3829
3730,nose,[2],celeba_hq_00396,celeba_hq_01396,3830
3731,nose,[2],celeba_hq_00397,celeba_hq_01397,3831
3732,nose,[2],celeba_hq_00398,celeba_hq_01398,3832
3733,nose,[2],celeba_hq_00399,celeba_hq_01399,3833
3734,nose,[2],celeba_hq_00400,celeba_hq_01400,3834
3735,nose,[2],celeba_hq_00401,celeba_hq_01401,3835
3736,nose,[2],celeba_hq_00402,celeba_hq_01402,3836
3737,nose,[2],celeba_hq_00403,celeba_hq_01403,3837
3738,nose,[2],celeba_hq_00404,celeba_hq_01404,3838
3739,nose,[2],celeba_hq_00405,celeba_hq_01405,3839
3740,nose,[2],celeba_hq_00406,celeba_hq_01406,3840
3741,nose,[2],celeba_hq_00407,celeba_hq_01407,3841
3742,nose,[2],celeba_hq_00408,celeba_hq_01408,3842
3743,nose,[2],celeba_hq_00409,celeba_hq_01409,3843
3744,nose,[2],celeba_hq_00410,celeba_hq_01410,3844
3745,nose,[2],celeba_hq_00411,celeba_hq_01411,3845
3746,nose,[2],celeba_hq_00412,celeba_hq_01412,3846
3747,nose,[2],celeba_hq_00413,celeba_hq_01413,3847
3748,nose,[2],celeba_hq_00414,celeba_hq_01414,3848
3749,nose,[2],celeba_hq_00415,celeba_hq_01415,3849
3750,nose,[2],celeba_hq_00416,celeba_hq_01416,3850
3751,nose,[2],celeba_hq_00417,celeba_hq_01417,3851
3752,nose,[2],celeba_hq_00418,celeba_hq_01418,3852
3753,nose,[2],celeba_hq_00419,celeba_hq_01419,3853
3754,nose,[2],celeba_hq_00420,celeba_hq_01420,3854
3755,nose,[2],celeba_hq_00421,celeba_hq_01421,3855
3756,nose,[2],celeba_hq_00422,celeba_hq_01422,3856
3757,nose,[2],celeba_hq_00423,celeba_hq_01423,3857
3758,nose,[2],celeba_hq_00424,celeba_hq_01424,3858
3759,nose,[2],celeba_hq_00425,celeba_hq_01425,3859
3760,nose,[2],celeba_hq_00426,celeba_hq_01426,3860
3761,nose,[2],celeba_hq_00427,celeba_hq_01427,3861
3762,nose,[2],celeba_hq_00428,celeba_hq_01428,3862
3763,nose,[2],celeba_hq_00429,celeba_hq_01429,3863
3764,nose,[2],celeba_hq_00430,celeba_hq_01430,3864
3765,nose,[2],celeba_hq_00431,celeba_hq_01431,3865
3766,nose,[2],celeba_hq_00432,celeba_hq_01432,3866
3767,nose,[2],celeba_hq_00433,celeba_hq_01433,3867
3768,nose,[2],celeba_hq_00434,celeba_hq_01434,3868
3769,nose,[2],celeba_hq_00435,celeba_hq_01435,3869
3770,nose,[2],celeba_hq_00436,celeba_hq_01436,3870
3771,nose,[2],celeba_hq_00437,celeba_hq_01437,3871
3772,nose,[2],celeba_hq_00438,celeba_hq_01438,3872
3773,nose,[2],celeba_hq_00439,celeba_hq_01439,3873
3774,nose,[2],celeba_hq_00440,celeba_hq_01440,3874
3775,nose,[2],celeba_hq_00441,celeba_hq_01441,3875
3776,nose,[2],celeba_hq_00442,celeba_hq_01442,3876
3777,nose,[2],celeba_hq_00443,celeba_hq_01443,3877
3778,nose,[2],celeba_hq_00444,celeba_hq_01444,3878
3779,nose,[2],celeba_hq_00445,celeba_hq_01445,3879
3780,nose,[2],celeba_hq_00446,celeba_hq_01446,3880
3781,nose,[2],celeba_hq_00447,celeba_hq_01447,3881
3782,nose,[2],celeba_hq_00448,celeba_hq_01448,3882
3783,nose,[2],celeba_hq_00449,celeba_hq_01449,3883
3784,nose,[2],celeba_hq_00450,celeba_hq_01450,3884
3785,nose,[2],celeba_hq_00451,celeba_hq_01451,3885
3786,nose,[2],celeba_hq_00452,celeba_hq_01452,3886
3787,nose,[2],celeba_hq_00453,celeba_hq_01453,3887
3788,nose,[2],celeba_hq_00454,celeba_hq_01454,3888
3789,nose,[2],celeba_hq_00455,celeba_hq_01455,3889
3790,nose,[2],celeba_hq_00456,celeba_hq_01456,3890
3791,nose,[2],celeba_hq_00457,celeba_hq_01457,3891
3792,nose,[2],celeba_hq_00458,celeba_hq_01458,3892
3793,nose,[2],celeba_hq_00459,celeba_hq_01459,3893
3794,nose,[2],celeba_hq_00460,celeba_hq_01460,3894
3795,nose,[2],celeba_hq_00461,celeba_hq_01461,3895
3796,nose,[2],celeba_hq_00462,celeba_hq_01462,3896
3797,nose,[2],celeba_hq_00463,celeba_hq_01463,3897
3798,nose,[2],celeba_hq_00464,celeba_hq_01464,3898
3799,nose,[2],celeba_hq_00465,celeba_hq_01465,3899
3800,nose,[2],celeba_hq_00466,celeba_hq_01466,3900
3801,nose,[2],celeba_hq_00467,celeba_hq_01467,3901
3802,nose,[2],celeba_hq_00468,celeba_hq_01468,3902
3803,nose,[2],celeba_hq_00469,celeba_hq_01469,3903
3804,nose,[2],celeba_hq_00470,celeba_hq_01470,3904
3805,nose,[2],celeba_hq_00471,celeba_hq_01471,3905
3806,nose,[2],celeba_hq_00472,celeba_hq_01472,3906
3807,nose,[2],celeba_hq_00473,celeba_hq_01473,3907
3808,nose,[2],celeba_hq_00474,celeba_hq_01474,3908
3809,nose,[2],celeba_hq_00475,celeba_hq_01475,3909
3810,nose,[2],celeba_hq_00476,celeba_hq_01476,3910
3811,nose,[2],celeba_hq_00477,celeba_hq_01477,3911
3812,nose,[2],celeba_hq_00478,celeba_hq_01478,3912
3813,nose,[2],celeba_hq_00479,celeba_hq_01479,3913
3814,nose,[2],celeba_hq_00480,celeba_hq_01480,3914
3815,nose,[2],celeba_hq_00481,celeba_hq_01481,3915
3816,nose,[2],celeba_hq_00482,celeba_hq_01482,3916
3817,nose,[2],celeba_hq_00483,celeba_hq_01483,3917
3818,nose,[2],celeba_hq_00484,celeba_hq_01484,3918
3819,nose,[2],celeba_hq_00485,celeba_hq_01485,3919
3820,nose,[2],celeba_hq_00486,celeba_hq_01486,3920
3821,nose,[2],celeba_hq_00487,celeba_hq_01487,3921
3822,nose,[2],celeba_hq_00488,celeba_hq_01488,3922
3823,nose,[2],celeba_hq_00489,celeba_hq_01489,3923
3824,nose,[2],celeba_hq_00490,celeba_hq_01490,3924
3825,nose,[2],celeba_hq_00491,celeba_hq_01491,3925
3826,nose,[2],celeba_hq_00492,celeba_hq_01492,3926
3827,nose,[2],celeba_hq_00493,celeba_hq_01493,3927
3828,nose,[2],celeba_hq_00494,celeba_hq_01494,3928
3829,nose,[2],celeba_hq_00495,celeba_hq_01495,3929
3830,nose,[2],celeba_hq_00496,celeba_hq_01496,3930
3831,nose,[2],celeba_hq_00497,celeba_hq_01497,3931
3832,nose,[2],celeba_hq_00498,celeba_hq_01498,3932
3833,nose,[2],celeba_hq_00499,celeba_hq_01499,3933
3834,nose,[2],celeba_hq_00500,celeba_hq_01500,3934
3835,nose,[2],celeba_hq_00501,celeba_hq_01501,3935
3836,nose,[2],celeba_hq_00502,celeba_hq_01502,3936
3837,nose,[2],celeba_hq_00503,celeba_hq_01503,3937
3838,nose,[2],celeba_hq_00504,celeba_hq_01504,3938
3839,nose,[2],celeba_hq_00505,celeba_hq_01505,3939
3840,nose,[2],celeba_hq_00506,celeba_hq_01506,3940
3841,nose,[2],celeba_hq_00507,celeba_hq_01507,3941
3842,nose,[2],celeba_hq_00508,celeba_hq_01508,3942
3843,nose,[2],celeba_hq_00509,celeba_hq_01509,3943
3844,nose,[2],celeba_hq_00510,celeba_hq_01510,3944
3845,nose,[2],celeba_hq_00511,celeba_hq_01511,3945
3846,nose,[2],celeba_hq_00512,celeba_hq_01512,3946
3847,nose,[2],celeba_hq_00513,celeba_hq_01513,3947
3848,nose,[2],celeba_hq_00514,celeba_hq_01514,3948
3849,nose,[2],celeba_hq_00515,celeba_hq_01515,3949
3850,nose,[2],celeba_hq_00516,celeba_hq_01516,3950
3851,nose,[2],celeba_hq_00517,celeba_hq_01517,3951
3852,nose,[2],celeba_hq_00518,celeba_hq_01518,3952
3853,nose,[2],celeba_hq_00519,celeba_hq_01519,3953
3854,nose,[2],celeba_hq_00520,celeba_hq_01520,3954
3855,nose,[2],celeba_hq_00521,celeba_hq_01521,3955
3856,nose,[2],celeba_hq_00522,celeba_hq_01522,3956
3857,nose,[2],celeba_hq_00523,celeba_hq_01523,3957
3858,nose,[2],celeba_hq_00524,celeba_hq_01524,3958
3859,nose,[2],celeba_hq_00525,celeba_hq_01525,3959
3860,nose,[2],celeba_hq_00526,celeba_hq_01526,3960
3861,nose,[2],celeba_hq_00527,celeba_hq_01527,3961
3862,nose,[2],celeba_hq_00528,celeba_hq_01528,3962
3863,nose,[2],celeba_hq_00529,celeba_hq_01529,3963
3864,nose,[2],celeba_hq_00530,celeba_hq_01530,3964
3865,nose,[2],celeba_hq_00531,celeba_hq_01531,3965
3866,nose,[2],celeba_hq_00532,celeba_hq_01532,3966
3867,nose,[2],celeba_hq_00533,celeba_hq_01533,3967
3868,nose,[2],celeba_hq_00534,celeba_hq_01534,3968
3869,nose,[2],celeba_hq_00535,celeba_hq_01535,3969
3870,nose,[2],celeba_hq_00536,celeba_hq_01536,3970
3871,nose,[2],celeba_hq_00537,celeba_hq_01537,3971
3872,nose,[2],celeba_hq_00538,celeba_hq_01538,3972
3873,nose,[2],celeba_hq_00539,celeba_hq_01539,3973
3874,nose,[2],celeba_hq_00540,celeba_hq_01540,3974
3875,nose,[2],celeba_hq_00541,celeba_hq_01541,3975
3876,nose,[2],celeba_hq_00542,celeba_hq_01542,3976
3877,nose,[2],celeba_hq_00543,celeba_hq_01543,3977
3878,nose,[2],celeba_hq_00544,celeba_hq_01544,3978
3879,nose,[2],celeba_hq_00545,celeba_hq_01545,3979
3880,nose,[2],celeba_hq_00546,celeba_hq_01546,3980
3881,nose,[2],celeba_hq_00547,celeba_hq_01547,3981
3882,nose,[2],celeba_hq_00548,celeba_hq_01548,3982
3883,nose,[2],celeba_hq_00549,celeba_hq_01549,3983
3884,nose,[2],celeba_hq_00550,celeba_hq_01550,3984
3885,nose,[2],celeba_hq_00551,celeba_hq_01551,3985
3886,nose,[2],celeba_hq_00552,celeba_hq_01552,3986
3887,nose,[2],celeba_hq_00553,celeba_hq_01553,3987
3888,nose,[2],celeba_hq_00554,celeba_hq_01554,3988
3889,nose,[2],celeba_hq_00555,celeba_hq_01555,3989
3890,nose,[2],celeba_hq_00556,celeba_hq_01556,3990
3891,nose,[2],celeba_hq_00557,celeba_hq_01557,3991
3892,nose,[2],celeba_hq_00558,celeba_hq_01558,3992
3893,nose,[2],celeba_hq_00559,celeba_hq_01559,3993
3894,nose,[2],celeba_hq_00560,celeba_hq_01560,3994
3895,nose,[2],celeba_hq_00561,celeba_hq_01561,3995
3896,nose,[2],celeba_hq_00562,celeba_hq_01562,3996
3897,nose,[2],celeba_hq_00563,celeba_hq_01563,3997
3898,nose,[2],celeba_hq_00564,celeba_hq_01564,3998
3899,nose,[2],celeba_hq_00565,celeba_hq_01565,3999
3900,nose,[2],celeba_hq_00566,celeba_hq_01566,4000
3901,nose,[2],celeba_hq_00567,celeba_hq_01567,4001
3902,nose,[2],celeba_hq_00568,celeba_hq_01568,4002
3903,nose,[2],celeba_hq_00569,celeba_hq_01569,4003
3904,nose,[2],celeba_hq_00570,celeba_hq_01570,4004
3905,nose,[2],celeba_hq_00571,celeba_hq_01571,4005
3906,nose,[2],celeba_hq_00572,celeba_hq_01572,4006
3907,nose,[2],celeba_hq_00573,celeba_hq_01573,4007
3908,nose,[2],celeba_hq_00574,celeba_hq_01574,4008
3909,nose,[2],celeba_hq_00575,celeba_hq_01575,4009
3910,nose,[2],celeba_hq_00576,celeba_hq_01576,4010
3911,nose,[2],celeba_hq_00577,celeba_hq_01577,4011
3912,nose,[2],celeba_hq_00578,celeba_hq_01578,4012
3913,nose,[2],celeba_hq_00579,celeba_hq_01579,4013
3914,nose,[2],celeba_hq_00580,celeba_hq_01580,4014
3915,nose,[2],celeba_hq_00581,celeba_hq_01581,4015
3916,nose,[2],celeba_hq_00582,celeba_hq_01582,4016
3917,nose,[2],celeba_hq_00583,celeba_hq_01583,4017
3918,nose,[2],celeba_hq_00584,celeba_hq_01584,4018
3919,nose,[2],celeba_hq_00585,celeba_hq_01585,4019
3920,nose,[2],celeba_hq_00586,celeba_hq_01586,4020
3921,nose,[2],celeba_hq_00587,celeba_hq_01587,4021
3922,nose,[2],celeba_hq_00588,celeba_hq_01588,4022
3923,nose,[2],celeba_hq_00589,celeba_hq_01589,4023
3924,nose,[2],celeba_hq_00590,celeba_hq_01590,4024
3925,nose,[2],celeba_hq_00591,celeba_hq_01591,4025
3926,nose,[2],celeba_hq_00592,celeba_hq_01592,4026
3927,nose,[2],celeba_hq_00593,celeba_hq_01593,4027
3928,nose,[2],celeba_hq_00594,celeba_hq_01594,4028
3929,nose,[2],celeba_hq_00595,celeba_hq_01595,4029
3930,nose,[2],celeba_hq_00596,celeba_hq_01596,4030
3931,nose,[2],celeba_hq_00597,celeba_hq_01597,4031
3932,nose,[2],celeba_hq_00598,celeba_hq_01598,4032
3933,nose,[2],celeba_hq_00599,celeba_hq_01599,4033
3934,nose,[2],celeba_hq_00600,celeba_hq_01600,4034
3935,nose,[2],celeba_hq_00601,celeba_hq_01601,4035
3936,nose,[2],celeba_hq_00602,celeba_hq_01602,4036
3937,nose,[2],celeba_hq_00603,celeba_hq_01603,4037
3938,nose,[2],celeba_hq_00604,celeba_hq_01604,4038
3939,nose,[2],celeba_hq_00605,celeba_hq_01605,4039
3940,nose,[2],celeba_hq_00606,celeba_hq_01606,4040
3941,nose,[2],celeba_hq_00607,celeba_hq_01607,4041
3942,nose,[2],celeba_hq_00608,celeba_hq_01608,4042
3943,nose,[2],celeba_hq_00609,celeba_hq_01609,4043
3944,nose,[2],celeba_hq_00610,celeba_hq_01610,4044
3945,nose,[2],celeba_hq_00611,celeba_hq_01611,4045
3946,nose,[2],celeba_hq_00612,celeba_hq_01612,4046
3947,nose,[2],celeba_hq_00613,celeba_hq_01613,4047
3948,nose,[2],celeba_hq_00614,celeba_hq_01614,4048
3949,nose,[2],celeba_hq_00615,celeba_hq_01615,4049
3950,nose,[2],celeba_hq_00616,celeba_hq_01616,4050
3951,nose,[2],celeba_hq_00617,celeba_hq_01617,4051
3952,nose,[2],celeba_hq_00618,celeba_hq_01618,4052
3953,nose,[2],celeba_hq_00619,celeba_hq_01619,4053
3954,nose,[2],celeba_hq_00620,celeba_hq_01620,4054
3955,nose,[2],celeba_hq_00621,celeba_hq_01621,4055
3956,nose,[2],celeba_hq_00622,celeba_hq_01622,4056
3957,nose,[2],celeba_hq_00623,celeba_hq_01623,4057
3958,nose,[2],celeba_hq_00624,celeba_hq_01624,4058
3959,nose,[2],celeba_hq_00625,celeba_hq_01625,4059
3960,nose,[2],celeba_hq_00626,celeba_hq_01626,4060
3961,nose,[2],celeba_hq_00627,celeba_hq_01627,4061
3962,nose,[2],celeba_hq_00628,celeba_hq_01628,4062
3963,nose,[2],celeba_hq_00629,celeba_hq_01629,4063
3964,nose,[2],celeba_hq_00630,celeba_hq_01630,4064
3965,nose,[2],celeba_hq_00631,celeba_hq_01631,4065
3966,nose,[2],celeba_hq_00632,celeba_hq_01632,4066
3967,nose,[2],celeba_hq_00633,celeba_hq_01633,4067
3968,nose,[2],celeba_hq_00634,celeba_hq_01634,4068
3969,nose,[2],celeba_hq_00635,celeba_hq_01635,4069
3970,nose,[2],celeba_hq_00636,celeba_hq_01636,4070
3971,nose,[2],celeba_hq_00637,celeba_hq_01637,4071
3972,nose,[2],celeba_hq_00638,celeba_hq_01638,4072
3973,nose,[2],celeba_hq_00639,celeba_hq_01639,4073
3974,nose,[2],celeba_hq_00640,celeba_hq_01640,4074
3975,nose,[2],celeba_hq_00641,celeba_hq_01641,4075
3976,nose,[2],celeba_hq_00642,celeba_hq_01642,4076
3977,nose,[2],celeba_hq_00643,celeba_hq_01643,4077
3978,nose,[2],celeba_hq_00644,celeba_hq_01644,4078
3979,nose,[2],celeba_hq_00645,celeba_hq_01645,4079
3980,nose,[2],celeba_hq_00646,celeba_hq_01646,4080
3981,nose,[2],celeba_hq_00647,celeba_hq_01647,4081
3982,nose,[2],celeba_hq_00648,celeba_hq_01648,4082
3983,nose,[2],celeba_hq_00649,celeba_hq_01649,4083
3984,nose,[2],celeba_hq_00650,celeba_hq_01650,4084
3985,nose,[2],celeba_hq_00651,celeba_hq_01651,4085
3986,nose,[2],celeba_hq_00652,celeba_hq_01652,4086
3987,nose,[2],celeba_hq_00653,celeba_hq_01653,4087
3988,nose,[2],celeba_hq_00654,celeba_hq_01654,4088
3989,nose,[2],celeba_hq_00655,celeba_hq_01655,4089
3990,nose,[2],celeba_hq_00656,celeba_hq_01656,4090
3991,nose,[2],celeba_hq_00657,celeba_hq_01657,4091
3992,nose,[2],celeba_hq_00658,celeba_hq_01658,4092
3993,nose,[2],celeba_hq_00659,celeba_hq_01659,4093
3994,nose,[2],celeba_hq_00660,celeba_hq_01660,4094
3995,nose,[2],celeba_hq_00661,celeba_hq_01661,4095
3996,nose,[2],celeba_hq_00662,celeba_hq_01662,4096
3997,nose,[2],celeba_hq_00663,celeba_hq_01663,4097
3998,nose,[2],celeba_hq_00664,celeba_hq_01664,4098
3999,nose,[2],celeba_hq_00665,celeba_hq_01665,4099
4000,nose,[2],celeba_hq_00666,celeba_hq_01666,4100
4001,nose,[2],celeba_hq_00667,celeba_hq_01667,4101
4002,nose,[2],celeba_hq_00668,celeba_hq_01668,4102
4003,nose,[2],celeba_hq_00669,celeba_hq_01669,4103
4004,nose,[2],celeba_hq_00670,celeba_hq_01670,4104
4005,nose,[2],celeba_hq_00671,celeba_hq_01671,4105
4006,nose,[2],celeba_hq_00672,celeba_hq_01672,4106
4007,nose,[2],celeba_hq_00673,celeba_hq_01673,4107
4008,nose,[2],celeba_hq_00674,celeba_hq_01674,4108
4009,nose,[2],celeba_hq_00675,celeba_hq_01675,4109
4010,nose,[2],celeba_hq_00676,celeba_hq_01676,4110
4011,nose,[2],celeba_hq_00677,celeba_hq_01677,4111
4012,nose,[2],celeba_hq_00678,celeba_hq_01678,4112
4013,nose,[2],celeba_hq_00679,celeba_hq_01679,4113
4014,nose,[2],celeba_hq_00680,celeba_hq_01680,4114
4015,nose,[2],celeba_hq_00681,celeba_hq_01681,4115
4016,nose,[2],celeba_hq_00682,celeba_hq_01682,4116
4017,nose,[2],celeba_hq_00683,celeba_hq_01683,4117
4018,nose,[2],celeba_hq_00684,celeba_hq_01684,4118
4019,nose,[2],celeba_hq_00685,celeba_hq_01685,4119
4020,nose,[2],celeba_hq_00686,celeba_hq_01686,4120
4021,nose,[2],celeba_hq_00687,celeba_hq_01687,4121
4022,nose,[2],celeba_hq_00688,celeba_hq_01688,4122
4023,nose,[2],celeba_hq_00689,celeba_hq_01689,4123
4024,nose,[2],celeba_hq_00690,celeba_hq_01690,4124
4025,nose,[2],celeba_hq_00691,celeba_hq_01691,4125
4026,nose,[2],celeba_hq_00692,celeba_hq_01692,4126
4027,nose,[2],celeba_hq_00693,celeba_hq_01693,4127
4028,nose,[2],celeba_hq_00694,celeba_hq_01694,4128
4029,nose,[2],celeba_hq_00695,celeba_hq_01695,4129
4030,nose,[2],celeba_hq_00696,celeba_hq_01696,4130
4031,nose,[2],celeba_hq_00697,celeba_hq_01697,4131
4032,nose,[2],celeba_hq_00698,celeba_hq_01698,4132
4033,nose,[2],celeba_hq_00699,celeba_hq_01699,4133
4034,nose,[2],celeba_hq_00700,celeba_hq_01700,4134
4035,nose,[2],celeba_hq_00701,celeba_hq_01701,4135
4036,nose,[2],celeba_hq_00702,celeba_hq_01702,4136
4037,nose,[2],celeba_hq_00703,celeba_hq_01703,4137
4038,nose,[2],celeba_hq_00704,celeba_hq_01704,4138
4039,nose,[2],celeba_hq_00705,celeba_hq_01705,4139
4040,nose,[2],celeba_hq_00706,celeba_hq_01706,4140
4041,nose,[2],celeba_hq_00707,celeba_hq_01707,4141
4042,nose,[2],celeba_hq_00708,celeba_hq_01708,4142
4043,nose,[2],celeba_hq_00709,celeba_hq_01709,4143
4044,nose,[2],celeba_hq_00710,celeba_hq_01710,4144
4045,nose,[2],celeba_hq_00711,celeba_hq_01711,4145
4046,nose,[2],celeba_hq_00712,celeba_hq_01712,4146
4047,nose,[2],celeba_hq_00713,celeba_hq_01713,4147
4048,nose,[2],celeba_hq_00714,celeba_hq_01714,4148
4049,nose,[2],celeba_hq_00715,celeba_hq_01715,4149
4050,nose,[2],celeba_hq_00716,celeba_hq_01716,4150
4051,nose,[2],celeba_hq_00717,celeba_hq_01717,4151
4052,nose,[2],celeba_hq_00718,celeba_hq_01718,4152
4053,nose,[2],celeba_hq_00719,celeba_hq_01719,4153
4054,nose,[2],celeba_hq_00720,celeba_hq_01720,4154
4055,nose,[2],celeba_hq_00721,celeba_hq_01721,4155
4056,nose,[2],celeba_hq_00722,celeba_hq_01722,4156
4057,nose,[2],celeba_hq_00723,celeba_hq_01723,4157
4058,nose,[2],celeba_hq_00724,celeba_hq_01724,4158
4059,nose,[2],celeba_hq_00725,celeba_hq_01725,4159
4060,nose,[2],celeba_hq_00726,celeba_hq_01726,4160
4061,nose,[2],celeba_hq_00727,celeba_hq_01727,4161
4062,nose,[2],celeba_hq_00728,celeba_hq_01728,4162
4063,nose,[2],celeba_hq_00729,celeba_hq_01729,4163
4064,nose,[2],celeba_hq_00730,celeba_hq_01730,4164
4065,nose,[2],celeba_hq_00731,celeba_hq_01731,4165
4066,nose,[2],celeba_hq_00732,celeba_hq_01732,4166
4067,nose,[2],celeba_hq_00733,celeba_hq_01733,4167
4068,nose,[2],celeba_hq_00734,celeba_hq_01734,4168
4069,nose,[2],celeba_hq_00735,celeba_hq_01735,4169
4070,nose,[2],celeba_hq_00736,celeba_hq_01736,4170
4071,nose,[2],celeba_hq_00737,celeba_hq_01737,4171
4072,nose,[2],celeba_hq_00738,celeba_hq_01738,4172
4073,nose,[2],celeba_hq_00739,celeba_hq_01739,4173
4074,nose,[2],celeba_hq_00740,celeba_hq_01740,4174
4075,nose,[2],celeba_hq_00741,celeba_hq_01741,4175
4076,nose,[2],celeba_hq_00742,celeba_hq_01742,4176
4077,nose,[2],celeba_hq_00743,celeba_hq_01743,4177
4078,nose,[2],celeba_hq_00744,celeba_hq_01744,4178
4079,nose,[2],celeba_hq_00745,celeba_hq_01745,4179
4080,nose,[2],celeba_hq_00746,celeba_hq_01746,4180
4081,nose,[2],celeba_hq_00747,celeba_hq_01747,4181
4082,nose,[2],celeba_hq_00748,celeba_hq_01748,4182
4083,nose,[2],celeba_hq_00749,celeba_hq_01749,4183
4084,nose,[2],celeba_hq_00750,celeba_hq_01750,4184
4085,nose,[2],celeba_hq_00751,celeba_hq_01751,4185
4086,nose,[2],celeba_hq_00752,celeba_hq_01752,4186
4087,nose,[2],celeba_hq_00753,celeba_hq_01753,4187
4088,nose,[2],celeba_hq_00754,celeba_hq_01754,4188
4089,nose,[2],celeba_hq_00755,celeba_hq_01755,4189
4090,nose,[2],celeba_hq_00756,celeba_hq_01756,4190
4091,nose,[2],celeba_hq_00757,celeba_hq_01757,4191
4092,nose,[2],celeba_hq_00758,celeba_hq_01758,4192
4093,nose,[2],celeba_hq_00759,celeba_hq_01759,4193
4094,nose,[2],celeba_hq_00760,celeba_hq_01760,4194
4095,nose,[2],celeba_hq_00761,celeba_hq_01761,4195
4096,nose,[2],celeba_hq_00762,celeba_hq_01762,4196
4097,nose,[2],celeba_hq_00763,celeba_hq_01763,4197
4098,nose,[2],celeba_hq_00764,celeba_hq_01764,4198
4099,nose,[2],celeba_hq_00765,celeba_hq_01765,4199
4100,nose,[2],celeba_hq_00766,celeba_hq_01766,4200
4101,nose,[2],celeba_hq_00767,celeba_hq_01767,4201
4102,nose,[2],celeba_hq_00768,celeba_hq_01768,4202
4103,nose,[2],celeba_hq_00769,celeba_hq_01769,4203
4104,nose,[2],celeba_hq_00770,celeba_hq_01770,4204
4105,nose,[2],celeba_hq_00771,celeba_hq_01771,4205
4106,nose,[2],celeba_hq_00772,celeba_hq_01772,4206
4107,nose,[2],celeba_hq_00773,celeba_hq_01773,4207
4108,nose,[2],celeba_hq_00774,celeba_hq_01774,4208
4109,nose,[2],celeba_hq_00775,celeba_hq_01775,4209
4110,nose,[2],celeba_hq_00776,celeba_hq_01776,4210
4111,nose,[2],celeba_hq_00777,celeba_hq_01777,4211
4112,nose,[2],celeba_hq_00778,celeba_hq_01778,4212
4113,nose,[2],celeba_hq_00779,celeba_hq_01779,4213
4114,nose,[2],celeba_hq_00780,celeba_hq_01780,4214
4115,nose,[2],celeba_hq_00781,celeba_hq_01781,4215
4116,nose,[2],celeba_hq_00782,celeba_hq_01782,4216
4117,nose,[2],celeba_hq_00783,celeba_hq_01783,4217
4118,nose,[2],celeba_hq_00784,celeba_hq_01784,4218
4119,nose,[2],celeba_hq_00785,celeba_hq_01785,4219
4120,nose,[2],celeba_hq_00786,celeba_hq_01786,4220
4121,nose,[2],celeba_hq_00787,celeba_hq_01787,4221
4122,nose,[2],celeba_hq_00788,celeba_hq_01788,4222
4123,nose,[2],celeba_hq_00789,celeba_hq_01789,4223
4124,nose,[2],celeba_hq_00790,celeba_hq_01790,4224
4125,nose,[2],celeba_hq_00791,celeba_hq_01791,4225
4126,nose,[2],celeba_hq_00792,celeba_hq_01792,4226
4127,nose,[2],celeba_hq_00793,celeba_hq_01793,4227
4128,nose,[2],celeba_hq_00794,celeba_hq_01794,4228
4129,nose,[2],celeba_hq_00795,celeba_hq_01795,4229
4130,nose,[2],celeba_hq_00796,celeba_hq_01796,4230
4131,nose,[2],celeba_hq_00797,celeba_hq_01797,4231
4132,nose,[2],celeba_hq_00798,celeba_hq_01798,4232
4133,nose,[2],celeba_hq_00799,celeba_hq_01799,4233
4134,nose,[2],celeba_hq_00800,celeba_hq_01800,4234
4135,nose,[2],celeba_hq_00801,celeba_hq_01801,4235
4136,nose,[2],celeba_hq_00802,celeba_hq_01802,4236
4137,nose,[2],celeba_hq_00803,celeba_hq_01803,4237
4138,nose,[2],celeba_hq_00804,celeba_hq_01804,4238
4139,nose,[2],celeba_hq_00805,celeba_hq_01805,4239
4140,nose,[2],celeba_hq_00806,celeba_hq_01806,4240
4141,nose,[2],celeba_hq_00807,celeba_hq_01807,4241
4142,nose,[2],celeba_hq_00808,celeba_hq_01808,4242
4143,nose,[2],celeba_hq_00809,celeba_hq_01809,4243
4144,nose,[2],celeba_hq_00810,celeba_hq_01810,4244
4145,nose,[2],celeba_hq_00811,celeba_hq_01811,4245
4146,nose,[2],celeba_hq_00812,celeba_hq_01812,4246
4147,nose,[2],celeba_hq_00813,celeba_hq_01813,4247
4148,nose,[2],celeba_hq_00814,celeba_hq_01814,4248
4149,nose,[2],celeba_hq_00815,celeba_hq_01815,4249
4150,nose,[2],celeba_hq_00816,celeba_hq_01816,4250
4151,nose,[2],celeba_hq_00817,celeba_hq_01817,4251
4152,nose,[2],celeba_hq_00818,celeba_hq_01818,4252
4153,nose,[2],celeba_hq_00819,celeba_hq_01819,4253
4154,nose,[2],celeba_hq_00820,celeba_hq_01820,4254
4155,nose,[2],celeba_hq_00821,celeba_hq_01821,4255
4156,nose,[2],celeba_hq_00822,celeba_hq_01822,4256
4157,nose,[2],celeba_hq_00823,celeba_hq_01823,4257
4158,nose,[2],celeba_hq_00824,celeba_hq_01824,4258
4159,nose,[2],celeba_hq_00825,celeba_hq_01825,4259
4160,nose,[2],celeba_hq_00826,celeba_hq_01826,4260
4161,nose,[2],celeba_hq_00827,celeba_hq_01827,4261
4162,nose,[2],celeba_hq_00828,celeba_hq_01828,4262
4163,nose,[2],celeba_hq_00829,celeba_hq_01829,4263
4164,nose,[2],celeba_hq_00830,celeba_hq_01830,4264
4165,nose,[2],celeba_hq_00831,celeba_hq_01831,4265
4166,nose,[2],celeba_hq_00832,celeba_hq_01832,4266
4167,nose,[2],celeba_hq_00833,celeba_hq_01833,4267
4168,nose,[2],celeba_hq_00834,celeba_hq_01834,4268
4169,nose,[2],celeba_hq_00835,celeba_hq_01835,4269
4170,nose,[2],celeba_hq_00836,celeba_hq_01836,4270
4171,nose,[2],celeba_hq_00837,celeba_hq_01837,4271
4172,nose,[2],celeba_hq_00838,celeba_hq_01838,4272
4173,nose,[2],celeba_hq_00839,celeba_hq_01839,4273
4174,nose,[2],celeba_hq_00840,celeba_hq_01840,4274
4175,nose,[2],celeba_hq_00841,celeba_hq_01841,4275
4176,nose,[2],celeba_hq_00842,celeba_hq_01842,4276
4177,nose,[2],celeba_hq_00843,celeba_hq_01843,4277
4178,nose,[2],celeba_hq_00844,celeba_hq_01844,4278
4179,nose,[2],celeba_hq_00845,celeba_hq_01845,4279
4180,nose,[2],celeba_hq_00846,celeba_hq_01846,4280
4181,nose,[2],celeba_hq_00847,celeba_hq_01847,4281
4182,nose,[2],celeba_hq_00848,celeba_hq_01848,4282
4183,nose,[2],celeba_hq_00849,celeba_hq_01849,4283
4184,nose,[2],celeba_hq_00850,celeba_hq_01850,4284
4185,nose,[2],celeba_hq_00851,celeba_hq_01851,4285
4186,nose,[2],celeba_hq_00852,celeba_hq_01852,4286
4187,nose,[2],celeba_hq_00853,celeba_hq_01853,4287
4188,nose,[2],celeba_hq_00854,celeba_hq_01854,4288
4189,nose,[2],celeba_hq_00855,celeba_hq_01855,4289
4190,nose,[2],celeba_hq_00856,celeba_hq_01856,4290
4191,nose,[2],celeba_hq_00857,celeba_hq_01857,4291
4192,nose,[2],celeba_hq_00858,celeba_hq_01858,4292
4193,nose,[2],celeba_hq_00859,celeba_hq_01859,4293
4194,nose,[2],celeba_hq_00860,celeba_hq_01860,4294
4195,nose,[2],celeba_hq_00861,celeba_hq_01861,4295
4196,nose,[2],celeba_hq_00862,celeba_hq_01862,4296
4197,nose,[2],celeba_hq_00863,celeba_hq_01863,4297
4198,nose,[2],celeba_hq_00864,celeba_hq_01864,4298
4199,nose,[2],celeba_hq_00865,celeba_hq_01865,4299
4200,nose,[2],celeba_hq_00866,celeba_hq_01866,4300
4201,nose,[2],celeba_hq_00867,celeba_hq_01867,4301
4202,nose,[2],celeba_hq_00868,celeba_hq_01868,4302
4203,nose,[2],celeba_hq_00869,celeba_hq_01869,4303
4204,nose,[2],celeba_hq_00870,celeba_hq_01870,4304
4205,nose,[2],celeba_hq_00871,celeba_hq_01871,4305
4206,nose,[2],celeba_hq_00872,celeba_hq_01872,4306
4207,nose,[2],celeba_hq_00873,celeba_hq_01873,4307
4208,nose,[2],celeba_hq_00874,celeba_hq_01874,4308
4209,nose,[2],celeba_hq_00875,celeba_hq_01875,4309
4210,nose,[2],celeba_hq_00876,celeba_hq_01876,4310
4211,nose,[2],celeba_hq_00877,celeba_hq_01877,4311
4212,nose,[2],celeba_hq_00878,celeba_hq_01878,4312
4213,nose,[2],celeba_hq_00879,celeba_hq_01879,4313
4214,nose,[2],celeba_hq_00880,celeba_hq_01880,4314
4215,nose,[2],celeba_hq_00881,celeba_hq_01881,4315
4216,nose,[2],celeba_hq_00882,celeba_hq_01882,4316
4217,nose,[2],celeba_hq_00883,celeba_hq_01883,4317
4218,nose,[2],celeba_hq_00884,celeba_hq_01884,4318
4219,nose,[2],celeba_hq_00885,celeba_hq_01885,4319
4220,nose,[2],celeba_hq_00886,celeba_hq_01886,4320
4221,nose,[2],celeba_hq_00887,celeba_hq_01887,4321
4222,nose,[2],celeba_hq_00888,celeba_hq_01888,4322
4223,nose,[2],celeba_hq_00889,celeba_hq_01889,4323
4224,nose,[2],celeba_hq_00890,celeba_hq_01890,4324
4225,nose,[2],celeba_hq_00891,celeba_hq_01891,4325
4226,nose,[2],celeba_hq_00892,celeba_hq_01892,4326
4227,nose,[2],celeba_hq_00893,celeba_hq_01893,4327
4228,nose,[2],celeba_hq_00894,celeba_hq_01894,4328
4229,nose,[2],celeba_hq_00895,celeba_hq_01895,4329
4230,nose,[2],celeba_hq_00896,celeba_hq_01896,4330
4231,nose,[2],celeba_hq_00897,celeba_hq_01897,4331
4232,nose,[2],celeba_hq_00898,celeba_hq_01898,4332
4233,nose,[2],celeba_hq_00899,celeba_hq_01899,4333
4234,nose,[2],celeba_hq_00900,celeba_hq_01900,4334
4235,nose,[2],celeba_hq_00901,celeba_hq_01901,4335
4236,nose,[2],celeba_hq_00902,celeba_hq_01902,4336
4237,nose,[2],celeba_hq_00903,celeba_hq_01903,4337
4238,nose,[2],celeba_hq_00904,celeba_hq_01904,4338
4239,nose,[2],celeba_hq_00905,celeba_hq_01905,4339
4240,nose,[2],celeba_hq_00906,celeba_hq_01906,4340
4241,nose,[2],celeba_hq_00907,celeba_hq_01907,4341
4242,nose,[2],celeba_hq_00908,celeba_hq_01908,4342
4243,nose,[2],celeba_hq_00909,celeba_hq_01909,4343
4244,nose,[2],celeba_hq_00910,celeba_hq_01910,4344
4245,nose,[2],celeba_hq_00911,celeba_hq_01911,4345
4246,nose,[2],celeba_hq_00912,celeba_hq_01912,4346
4247,nose,[2],celeba_hq_00913,celeba_hq_01913,4347
4248,nose,[2],celeba_hq_00914,celeba_hq_01914,4348
4249,nose,[2],celeba_hq_00915,celeba_hq_01915,4349
4250,nose,[2],celeba_hq_00916,celeba_hq_01916,4350
4251,nose,[2],celeba_hq_00917,celeba_hq_01917,4351
4252,nose,[2],celeba_hq_00918,celeba_hq_01918,4352
4253,nose,[2],celeba_hq_00919,celeba_hq_01919,4353
4254,nose,[2],celeba_hq_00920,celeba_hq_01920,4354
4255,nose,[2],celeba_hq_00921,celeba_hq_01921,4355
4256,nose,[2],celeba_hq_00922,celeba_hq_01922,4356
4257,nose,[2],celeba_hq_00923,celeba_hq_01923,4357
4258,nose,[2],celeba_hq_00924,celeba_hq_01924,4358
4259,nose,[2],celeba_hq_00925,celeba_hq_01925,4359
4260,nose,[2],celeba_hq_00926,celeba_hq_01926,4360
4261,nose,[2],celeba_hq_00927,celeba_hq_01927,4361
4262,nose,[2],celeba_hq_00928,celeba_hq_01928,4362
4263,nose,[2],celeba_hq_00929,celeba_hq_01929,4363
4264,nose,[2],celeba_hq_00930,celeba_hq_01930,4364
4265,nose,[2],celeba_hq_00931,celeba_hq_01931,4365
4266,nose,[2],celeba_hq_00932,celeba_hq_01932,4366
4267,nose,[2],celeba_hq_00933,celeba_hq_01933,4367
4268,nose,[2],celeba_hq_00934,celeba_hq_01934,4368
4269,nose,[2],celeba_hq_00935,celeba_hq_01935,4369
4270,nose,[2],celeba_hq_00936,celeba_hq_01936,4370
4271,nose,[2],celeba_hq_00937,celeba_hq_01937,4371
4272,nose,[2],celeba_hq_00938,celeba_hq_01938,4372
4273,nose,[2],celeba_hq_00939,celeba_hq_01939,4373
4274,nose,[2],celeba_hq_00940,celeba_hq_01940,4374
4275,nose,[2],celeba_hq_00941,celeba_hq_01941,4375
4276,nose,[2],celeba_hq_00942,celeba_hq_01942,4376
4277,nose,[2],celeba_hq_00943,celeba_hq_01943,4377
4278,nose,[2],celeba_hq_00944,celeba_hq_01944,4378
4279,nose,[2],celeba_hq_00945,celeba_hq_01945,4379
4280,nose,[2],celeba_hq_00946,celeba_hq_01946,4380
4281,nose,[2],celeba_hq_00947,celeba_hq_01947,4381
4282,nose,[2],celeba_hq_00948,celeba_hq_01948,4382
4283,nose,[2],celeba_hq_00949,celeba_hq_01949,4383
4284,nose,[2],celeba_hq_00950,celeba_hq_01950,4384
4285,nose,[2],celeba_hq_00951,celeba_hq_01951,4385
4286,nose,[2],celeba_hq_00952,celeba_hq_01952,4386
4287,nose,[2],celeba_hq_00953,celeba_hq_01953,4387
4288,nose,[2],celeba_hq_00954,celeba_hq_01954,4388
4289,nose,[2],celeba_hq_00955,celeba_hq_01955,4389
4290,nose,[2],celeba_hq_00956,celeba_hq_01956,4390
4291,nose,[2],celeba_hq_00957,celeba_hq_01957,4391
4292,nose,[2],celeba_hq_00958,celeba_hq_01958,4392
4293,nose,[2],celeba_hq_00959,celeba_hq_01959,4393
4294,nose,[2],celeba_hq_00960,celeba_hq_01960,4394
4295,nose,[2],celeba_hq_00961,celeba_hq_01961,4395
4296,nose,[2],celeba_hq_00962,celeba_hq_01962,4396
4297,nose,[2],celeba_hq_00963,celeba_hq_01963,4397
4298,nose,[2],celeba_hq_00964,celeba_hq_01964,4398
4299,nose,[2],celeba_hq_00965,celeba_hq_01965,4399
4300,nose,[2],celeba_hq_00966,celeba_hq_01966,4400
4301,nose,[2],celeba_hq_00967,celeba_hq_01967,4401
4302,nose,[2],celeba_hq_00968,celeba_hq_01968,4402
4303,nose,[2],celeba_hq_00969,celeba_hq_01969,4403
4304,nose,[2],celeba_hq_00970,celeba_hq_01970,4404
4305,nose,[2],celeba_hq_00971,celeba_hq_01971,4405
4306,nose,[2],celeba_hq_00972,celeba_hq_01972,4406
4307,nose,[2],celeba_hq_00973,celeba_hq_01973,4407
4308,nose,[2],celeba_hq_00974,celeba_hq_01974,4408
4309,nose,[2],celeba_hq_00975,celeba_hq_01975,4409
4310,nose,[2],celeba_hq_00976,celeba_hq_01976,4410
4311,nose,[2],celeba_hq_00977,celeba_hq_01977,4411
4312,nose,[2],celeba_hq_00978,celeba_hq_01978,4412
4313,nose,[2],celeba_hq_00979,celeba_hq_01979,4413
4314,nose,[2],celeba_hq_00980,celeba_hq_01980,4414
4315,nose,[2],celeba_hq_00981,celeba_hq_01981,4415
4316,nose,[2],celeba_hq_00982,celeba_hq_01982,4416
4317,nose,[2],celeba_hq_00983,celeba_hq_01983,4417
4318,nose,[2],celeba_hq_00984,celeba_hq_01984,4418
4319,nose,[2],celeba_hq_00985,celeba_hq_01985,4419
4320,nose,[2],celeba_hq_00986,celeba_hq_01986,4420
4321,nose,[2],celeba_hq_00987,celeba_hq_01987,4421
4322,nose,[2],celeba_hq_00988,celeba_hq_01988,4422
4323,nose,[2],celeba_hq_00989,celeba_hq_01989,4423
4324,nose,[2],celeba_hq_00990,celeba_hq_01990,4424
4325,nose,[2],celeba_hq_00991,celeba_hq_01991,4425
4326,nose,[2],celeba_hq_00992,celeba_hq_01992,4426
4327,nose,[2],celeba_hq_00993,celeba_hq_01993,4427
4328,nose,[2],celeba_hq_00994,celeba_hq_01994,4428
4329,nose,[2],celeba_hq_00995,celeba_hq_01995,4429
4330,nose,[2],celeba_hq_00996,celeba_hq_01996,4430
4331,nose,[2],celeba_hq_00997,celeba_hq_01997,4431
4332,nose,[2],celeba_hq_00998,celeba_hq_01998,4432
4333,nose,[2],celeba_hq_00999,celeba_hq_01999,4433
4334,nose,[2],celeba_hq_01000,celeba_hq_02000,4434
4335,nose,[2],celeba_hq_01001,celeba_hq_02001,4435
4336,nose,[2],celeba_hq_01002,celeba_hq_02002,4436
4337,nose,[2],celeba_hq_01003,celeba_hq_02003,4437
4338,nose,[2],celeba_hq_01004,celeba_hq_02004,4438
4339,nose,[2],celeba_hq_01005,celeba_hq_02005,4439
4340,nose,[2],celeba_hq_01006,celeba_hq_02006,4440
4341,nose,[2],celeba_hq_01007,celeba_hq_02007,4441
4342,nose,[2],celeba_hq_01008,celeba_hq_02008,4442
4343,nose,[2],celeba_hq_01009,celeba_hq_02009,4443
4344,nose,[2],celeba_hq_01010,celeba_hq_02010,4444
4345,nose,[2],celeba_hq_01011,celeba_hq_02011,4445
4346,nose,[2],celeba_hq_01012,celeba_hq_02012,4446
4347,nose,[2],celeba_hq_01013,celeba_hq_02013,4447
4348,nose,[2],celeba_hq_01014,celeba_hq_02014,4448
4349,nose,[2],celeba_hq_01015,celeba_hq_02015,4449
4350,nose,[2],celeba_hq_01016,celeba_hq_02016,4450
4351,nose,[2],celeba_hq_01017,celeba_hq_02017,4451
4352,nose,[2],celeba_hq_01018,celeba_hq_02018,4452
4353,nose,[2],celeba_hq_01019,celeba_hq_02019,4453
4354,nose,[2],celeba_hq_01020,celeba_hq_02020,4454
4355,nose,[2],celeba_hq_01021,celeba_hq_02021,4455
4356,nose,[2],celeba_hq_01022,celeba_hq_02022,4456
4357,nose,[2],celeba_hq_01023,celeba_hq_02023,4457
4358,nose,[2],celeba_hq_01024,celeba_hq_02024,4458
4359,nose,[2],celeba_hq_01025,celeba_hq_02025,4459
4360,nose,[2],celeba_hq_01026,celeba_hq_02026,4460
4361,nose,[2],celeba_hq_01027,celeba_hq_02027,4461
4362,nose,[2],celeba_hq_01028,celeba_hq_02028,4462
4363,nose,[2],celeba_hq_01029,celeba_hq_02029,4463
4364,nose,[2],celeba_hq_01030,celeba_hq_02030,4464
4365,nose,[2],celeba_hq_01031,celeba_hq_02031,4465
4366,nose,[2],celeba_hq_01032,celeba_hq_02032,4466
4367,nose,[2],celeba_hq_01033,celeba_hq_02033,4467
4368,nose,[2],celeba_hq_01034,celeba_hq_02034,4468
4369,nose,[2],celeba_hq_01035,celeba_hq_02035,4469
4370,nose,[2],celeba_hq_01036,celeba_hq_02036,4470
4371,nose,[2],celeba_hq_01037,celeba_hq_02037,4471
4372,nose,[2],celeba_hq_01038,celeba_hq_02038,4472
4373,nose,[2],celeba_hq_01039,celeba_hq_02039,4473
4374,nose,[2],celeba_hq_01040,celeba_hq_02040,4474
4375,nose,[2],celeba_hq_01041,celeba_hq_02041,4475
4376,nose,[2],celeba_hq_01042,celeba_hq_02042,4476
4377,nose,[2],celeba_hq_01043,celeba_hq_02043,4477
4378,nose,[2],celeba_hq_01044,celeba_hq_02044,4478
4379,nose,[2],celeba_hq_01045,celeba_hq_02045,4479
4380,nose,[2],celeba_hq_01046,celeba_hq_02046,4480
4381,nose,[2],celeba_hq_01047,celeba_hq_02047,4481
4382,nose,[2],celeba_hq_01048,celeba_hq_02048,4482
4383,nose,[2],celeba_hq_01049,celeba_hq_02049,4483
4384,nose,[2],celeba_hq_01050,celeba_hq_02050,4484
4385,nose,[2],celeba_hq_01051,celeba_hq_02051,4485
4386,nose,[2],celeba_hq_01052,celeba_hq_02052,4486
4387,nose,[2],celeba_hq_01053,celeba_hq_02053,4487
4388,nose,[2],celeba_hq_01054,celeba_hq_02054,4488
4389,nose,[2],celeba_hq_01055,celeba_hq_02055,4489
4390,nose,[2],celeba_hq_01056,celeba_hq_02056,4490
4391,nose,[2],celeba_hq_01057,celeba_hq_02057,4491
4392,nose,[2],celeba_hq_01058,celeba_hq_02058,4492
4393,nose,[2],celeba_hq_01059,celeba_hq_02059,4493
4394,nose,[2],celeba_hq_01060,celeba_hq_02060,4494
4395,nose,[2],celeba_hq_01061,celeba_hq_02061,4495
4396,nose,[2],celeba_hq_01062,celeba_hq_02062,4496
4397,nose,[2],celeba_hq_01063,celeba_hq_02063,4497
4398,nose,[2],celeba_hq_01064,celeba_hq_02064,4498
4399,nose,[2],celeba_hq_01065,celeba_hq_02065,4499
4400,nose,[2],celeba_hq_01066,celeba_hq_02066,4500
4401,nose,[2],celeba_hq_01067,celeba_hq_02067,4501
4402,nose,[2],celeba_hq_01068,celeba_hq_02068,4502
4403,nose,[2],celeba_hq_01069,celeba_hq_02069,4503
4404,nose,[2],celeba_hq_01070,celeba_hq_02070,4504
4405,nose,[2],celeba_hq_01071,celeba_hq_02071,4505
4406,nose,[2],celeba_hq_01072,celeba_hq_02072,4506
4407,nose,[2],celeba_hq_01073,celeba_hq_02073,4507
4408,nose,[2],celeba_hq_01074,celeba_hq_02074,4508
4409,nose,[2],celeba_hq_01075,celeba_hq_02075,4509
4410,nose,[2],celeba_hq_01076,celeba_hq_02076,4510
4411,nose,[2],celeba_hq_01077,celeba_hq_02077,4511
4412,nose,[2],celeba_hq_01078,celeba_hq_02078,4512
4413,nose,[2],celeba_hq_01079,celeba_hq_02079,4513
4414,nose,[2],celeba_hq_01080,celeba_hq_02080,4514
4415,nose,[2],celeba_hq_01081,celeba_hq_02081,4515
4416,nose,[2],celeba_hq_01082,celeba_hq_02082,4516
4417,nose,[2],celeba_hq_01083,celeba_hq_02083,4517
4418,nose,[2],celeba_hq_01084,celeba_hq_02084,4518
4419,nose,[2],celeba_hq_01085,celeba_hq_02085,4519
4420,nose,[2],celeba_hq_01086,celeba_hq_02086,4520
4421,nose,[2],celeba_hq_01087,celeba_hq_02087,4521
4422,nose,[2],celeba_hq_01088,celeba_hq_02088,4522
4423,nose,[2],celeba_hq_01089,celeba_hq_02089,4523
4424,nose,[2],celeba_hq_01090,celeba_hq_02090,4524
4425,nose,[2],celeba_hq_01091,celeba_hq_02091,4525
4426,nose,[2],celeba_hq_01092,celeba_hq_02092,4526
4427,nose,[2],celeba_hq_01093,celeba_hq_02093,4527
4428,nose,[2],celeba_hq_01094,celeba_hq_02094,4528
4429,nose,[2],celeba_hq_01095,celeba_hq_02095,4529
4430,nose,[2],celeba_hq_01096,celeba_hq_02096,4530
4431,nose,[2],celeba_hq_01097,celeba_hq_02097,4531
4432,nose,[2],celeba_hq_01098,celeba_hq_02098,4532
4433,nose,[2],celeba_hq_01099,celeba_hq_02099,4533
4434,nose,[2],celeba_hq_01100,celeba_hq_02100,4534
4435,nose,[2],celeba_hq_01101,celeba_hq_02101,4535
4436,nose,[2],celeba_hq_01102,celeba_hq_02102,4536
4437,nose,[2],celeba_hq_01103,celeba_hq_02103,4537
4438,nose,[2],celeba_hq_01104,celeba_hq_02104,4538
4439,nose,[2],celeba_hq_01105,celeba_hq_02105,4539
4440,nose,[2],celeba_hq_01106,celeba_hq_02106,4540
4441,nose,[2],celeba_hq_01107,celeba_hq_02107,4541
4442,nose,[2],celeba_hq_01108,celeba_hq_02108,4542
4443,nose,[2],celeba_hq_01109,celeba_hq_02109,4543
4444,nose,[2],celeba_hq_01110,celeba_hq_02110,4544
4445,nose,[2],celeba_hq_01111,celeba_hq_02111,4545
4446,nose,[2],celeba_hq_01112,celeba_hq_02112,4546
4447,nose,[2],celeba_hq_01113,celeba_hq_02113,4547
4448,nose,[2],celeba_hq_01114,celeba_hq_02114,4548
4449,nose,[2],celeba_hq_01115,celeba_hq_02115,4549
4450,nose,[2],celeba_hq_01116,celeba_hq_02116,4550
4451,nose,[2],celeba_hq_01117,celeba_hq_02117,4551
4452,nose,[2],celeba_hq_01118,celeba_hq_02118,4552
4453,nose,[2],celeba_hq_01119,celeba_hq_02119,4553
4454,nose,[2],celeba_hq_01120,celeba_hq_02120,4554
4455,nose,[2],celeba_hq_01121,celeba_hq_02121,4555
4456,nose,[2],celeba_hq_01122,celeba_hq_02122,4556
4457,nose,[2],celeba_hq_01123,celeba_hq_02123,4557
4458,nose,[2],celeba_hq_01124,celeba_hq_02124,4558
4459,nose,[2],celeba_hq_01125,celeba_hq_02125,4559
4460,nose,[2],celeba_hq_01126,celeba_hq_02126,4560
4461,nose,[2],celeba_hq_01127,celeba_hq_02127,4561
4462,nose,[2],celeba_hq_01128,celeba_hq_02128,4562
4463,nose,[2],celeba_hq_01129,celeba_hq_02129,4563
4464,nose,[2],celeba_hq_01130,celeba_hq_02130,4564
4465,nose,[2],celeba_hq_01131,celeba_hq_02131,4565
4466,nose,[2],celeba_hq_01132,celeba_hq_02132,4566
4467,nose,[2],celeba_hq_01133,celeba_hq_02133,4567
4468,nose,[2],celeba_hq_01134,celeba_hq_02134,4568
4469,nose,[2],celeba_hq_01135,celeba_hq_02135,4569
4470,nose,[2],celeba_hq_01136,celeba_hq_02136,4570
4471,nose,[2],celeba_hq_01137,celeba_hq_02137,4571
4472,nose,[2],celeba_hq_01138,celeba_hq_02138,4572
4473,nose,[2],celeba_hq_01139,celeba_hq_02139,4573
4474,nose,[2],celeba_hq_01140,celeba_hq_02140,4574
4475,nose,[2],celeba_hq_01141,celeba_hq_02141,4575
4476,nose,[2],celeba_hq_01142,celeba_hq_02142,4576
4477,nose,[2],celeba_hq_01143,celeba_hq_02143,4577
4478,nose,[2],celeba_hq_01144,celeba_hq_02144,4578
4479,nose,[2],celeba_hq_01145,celeba_hq_02145,4579
4480,nose,[2],celeba_hq_01146,celeba_hq_02146,4580
4481,nose,[2],celeba_hq_01147,celeba_hq_02147,4581
4482,nose,[2],celeba_hq_01148,celeba_hq_02148,4582
4483,nose,[2],celeba_hq_01149,celeba_hq_02149,4583
4484,nose,[2],celeba_hq_01150,celeba_hq_02150,4584
4485,nose,[2],celeba_hq_01151,celeba_hq_02151,4585
4486,nose,[2],celeba_hq_01152,celeba_hq_02152,4586
4487,nose,[2],celeba_hq_01153,celeba_hq_02153,4587
4488,nose,[2],celeba_hq_01154,celeba_hq_02154,4588
4489,nose,[2],celeba_hq_01155,celeba_hq_02155,4589
4490,nose,[2],celeba_hq_01156,celeba_hq_02156,4590
4491,nose,[2],celeba_hq_01157,celeba_hq_02157,4591
4492,nose,[2],celeba_hq_01158,celeba_hq_02158,4592
4493,nose,[2],celeba_hq_01159,celeba_hq_02159,4593
4494,nose,[2],celeba_hq_01160,celeba_hq_02160,4594
4495,nose,[2],celeba_hq_01161,celeba_hq_02161,4595
4496,nose,[2],celeba_hq_01162,celeba_hq_02162,4596
4497,nose,[2],celeba_hq_01163,celeba_hq_02163,4597
4498,nose,[2],celeba_hq_01164,celeba_hq_02164,4598
4499,nose,[2],celeba_hq_01165,celeba_hq_02165,4599
4500,nose,[2],celeba_hq_01166,celeba_hq_02166,4600
4501,nose,[2],celeba_hq_01167,celeba_hq_02167,4601
4502,nose,[2],celeba_hq_01168,celeba_hq_02168,4602
4503,nose,[2],celeba_hq_01169,celeba_hq_02169,4603
4504,nose,[2],celeba_hq_01170,celeba_hq_02170,4604
4505,nose,[2],celeba_hq_01171,celeba_hq_02171,4605
4506,nose,[2],celeba_hq_01172,celeba_hq_02172,4606
4507,nose,[2],celeba_hq_01173,celeba_hq_02173,4607
4508,nose,[2],celeba_hq_01174,celeba_hq_02174,4608
4509,nose,[2],celeba_hq_01175,celeba_hq_02175,4609
4510,nose,[2],celeba_hq_01176,celeba_hq_02176,4610
4511,nose,[2],celeba_hq_01177,celeba_hq_02177,4611
4512,nose,[2],celeba_hq_01178,celeba_hq_02178,4612
4513,nose,[2],celeba_hq_01179,celeba_hq_02179,4613
4514,nose,[2],celeba_hq_01180,celeba_hq_02180,4614
4515,nose,[2],celeba_hq_01181,celeba_hq_02181,4615
4516,nose,[2],celeba_hq_01182,celeba_hq_02182,4616
4517,nose,[2],celeba_hq_01183,celeba_hq_02183,4617
4518,nose,[2],celeba_hq_01184,celeba_hq_02184,4618
4519,nose,[2],celeba_hq_01185,celeba_hq_02185,4619
4520,nose,[2],celeba_hq_01186,celeba_hq_02186,4620
4521,nose,[2],celeba_hq_01187,celeba_hq_02187,4621
4522,nose,[2],celeba_hq_01188,celeba_hq_02188,4622
4523,nose,[2],celeba_hq_01189,celeba_hq_02189,4623
4524,nose,[2],celeba_hq_01190,celeba_hq_02190,4624
4525,nose,[2],celeba_hq_01191,celeba_hq_02191,4625
4526,nose,[2],celeba_hq_01192,celeba_hq_02192,4626
4527,nose,[2],celeba_hq_01193,celeba_hq_02193,4627
4528,nose,[2],celeba_hq_01194,celeba_hq_02194,4628
4529,nose,[2],celeba_hq_01195,celeba_hq_02195,4629
4530,nose,[2],celeba_hq_01196,celeba_hq_02196,4630
4531,nose,[2],celeba_hq_01197,celeba_hq_02197,4631
4532,nose,[2],celeba_hq_01198,celeba_hq_02198,4632
4533,nose,[2],celeba_hq_01199,celeba_hq_02199,4633
4534,nose,[2],celeba_hq_01200,celeba_hq_02200,4634
4535,nose,[2],celeba_hq_01201,celeba_hq_02201,4635
4536,nose,[2],celeba_hq_01202,celeba_hq_02202,4636
4537,nose,[2],celeba_hq_01203,celeba_hq_02203,4637
4538,nose,[2],celeba_hq_01204,celeba_hq_02204,4638
4539,nose,[2],celeba_hq_01205,celeba_hq_02205,4639
4540,nose,[2],celeba_hq_01206,celeba_hq_02206,4640
4541,nose,[2],celeba_hq_01207,celeba_hq_02207,4641
4542,nose,[2],celeba_hq_01208,celeba_hq_02208,4642
4543,nose,[2],celeba_hq_01209,celeba_hq_02209,4643
4544,nose,[2],celeba_hq_01210,celeba_hq_02210,4644
4545,nose,[2],celeba_hq_01211,celeba_hq_02211,4645
4546,nose,[2],celeba_hq_01212,celeba_hq_02212,4646
4547,nose,[2],celeba_hq_01213,celeba_hq_02213,4647
4548,nose,[2],celeba_hq_01214,celeba_hq_02214,4648
4549,nose,[2],celeba_hq_01215,celeba_hq_02215,4649
4550,nose,[2],celeba_hq_01216,celeba_hq_02216,4650
4551,nose,[2],celeba_hq_01217,celeba_hq_02217,4651
4552,nose,[2],celeba_hq_01218,celeba_hq_02218,4652
4553,nose,[2],celeba_hq_01219,celeba_hq_02219,4653
4554,nose,[2],celeba_hq_01220,celeba_hq_02220,4654
4555,nose,[2],celeba_hq_01221,celeba_hq_02221,4655
4556,nose,[2],celeba_hq_01222,celeba_hq_02222,4656
4557,nose,[2],celeba_hq_01223,celeba_hq_02223,4657
4558,nose,[2],celeba_hq_01224,celeba_hq_02224,4658
4559,nose,[2],celeba_hq_01225,celeba_hq_02225,4659
4560,nose,[2],celeba_hq_01226,celeba_hq_02226,4660
4561,nose,[2],celeba_hq_01227,celeba_hq_02227,4661
4562,nose,[2],celeba_hq_01228,celeba_hq_02228,4662
4563,nose,[2],celeba_hq_01229,celeba_hq_02229,4663
4564,nose,[2],celeba_hq_01230,celeba_hq_02230,4664
4565,nose,[2],celeba_hq_01231,celeba_hq_02231,4665
4566,nose,[2],celeba_hq_01232,celeba_hq_02232,4666
4567,nose,[2],celeba_hq_01233,celeba_hq_02233,4667
4568,nose,[2],celeba_hq_01234,celeba_hq_02234,4668
4569,nose,[2],celeba_hq_01235,celeba_hq_02235,4669
4570,nose,[2],celeba_hq_01236,celeba_hq_02236,4670
4571,nose,[2],celeba_hq_01237,celeba_hq_02237,4671
4572,nose,[2],celeba_hq_01238,celeba_hq_02238,4672
4573,nose,[2],celeba_hq_01239,celeba_hq_02239,4673
4574,nose,[2],celeba_hq_01240,celeba_hq_02240,4674
4575,nose,[2],celeba_hq_01241,celeba_hq_02241,4675
4576,nose,[2],celeba_hq_01242,celeba_hq_02242,4676
4577,nose,[2],celeba_hq_01243,celeba_hq_02243,4677
4578,nose,[2],celeba_hq_01244,celeba_hq_02244,4678
4579,nose,[2],celeba_hq_01245,celeba_hq_02245,4679
4580,nose,[2],celeba_hq_01246,celeba_hq_02246,4680
4581,nose,[2],celeba_hq_01247,celeba_hq_02247,4681
4582,nose,[2],celeba_hq_01248,celeba_hq_02248,4682
4583,nose,[2],celeba_hq_01249,celeba_hq_02249,4683
4584,nose,[2],celeba_hq_01250,celeba_hq_02250,4684
4585,nose,[2],celeba_hq_01251,celeba_hq_02251,4685
4586,nose,[2],celeba_hq_01252,celeba_hq_02252,4686
4587,nose,[2],celeba_hq_01253,celeba_hq_02253,4687
4588,nose,[2],celeba_hq_01254,celeba_hq_02254,4688
4589,nose,[2],celeba_hq_01255,celeba_hq_02255,4689
4590,nose,[2],celeba_hq_01256,celeba_hq_02256,4690
4591,nose,[2],celeba_hq_01257,celeba_hq_02257,4691
4592,nose,[2],celeba_hq_01258,celeba_hq_02258,4692
4593,nose,[2],celeba_hq_01259,celeba_hq_02259,4693
4594,nose,[2],celeba_hq_01260,celeba_hq_02260,4694
4595,nose,[2],celeba_hq_01261,celeba_hq_02261,4695
4596,nose,[2],celeba_hq_01262,celeba_hq_02262,4696
4597,nose,[2],celeba_hq_01263,celeba_hq_02263,4697
4598,nose,[2],celeba_hq_01264,celeba_hq_02264,4698
4599,nose,[2],celeba_hq_01265,celeba_hq_02265,4699
4600,nose,[2],celeba_hq_01266,celeba_hq_02266,4700
4601,nose,[2],celeba_hq_01267,celeba_hq_02267,4701
4602,nose,[2],celeba_hq_01268,celeba_hq_02268,4702
4603,nose,[2],celeba_hq_01269,celeba_hq_02269,4703
4604,nose,[2],celeba_hq_01270,celeba_hq_02270,4704
4605,nose,[2],celeba_hq_01271,celeba_hq_02271,4705
4606,nose,[2],celeba_hq_01272,celeba_hq_02272,4706
4607,nose,[2],celeba_hq_01273,celeba_hq_02273,4707
4608,nose,[2],celeba_hq_01274,celeba_hq_02274,4708
4609,nose,[2],celeba_hq_01275,celeba_hq_02275,4709
4610,nose,[2],celeba_hq_01276,celeba_hq_02276,4710
4611,nose,[2],celeba_hq_01277,celeba_hq_02277,4711
4612,nose,[2],celeba_hq_01278,celeba_hq_02278,4712
4613,nose,[2],celeba_hq_01279,celeba_hq_02279,4713
4614,nose,[2],celeba_hq_01280,celeba_hq_02280,4714
4615,nose,[2],celeba_hq_01281,celeba_hq_02281,4715
4616,nose,[2],celeba_hq_01282,celeba_hq_02282,4716
4617,nose,[2],celeba_hq_01283,celeba_hq_02283,4717
4618,nose,[2],celeba_hq_01284,celeba_hq_02284,4718
4619,nose,[2],celeba_hq_01285,celeba_hq_02285,4719
4620,nose,[2],celeba_hq_01286,celeba_hq_02286,4720
4621,nose,[2],celeba_hq_01287,celeba_hq_02287,4721
4622,nose,[2],celeba_hq_01288,celeba_hq_02288,4722
4623,nose,[2],celeba_hq_01289,celeba_hq_02289,4723
4624,nose,[2],celeba_hq_01290,celeba_hq_02290,4724
4625,nose,[2],celeba_hq_01291,celeba_hq_02291,4725
4626,nose,[2],celeba_hq_01292,celeba_hq_02292,4726
4627,nose,[2],celeba_hq_01293,celeba_hq_02293,4727
4628,nose,[2],celeba_hq_01294,celeba_hq_02294,4728
4629,nose,[2],celeba_hq_01295,celeba_hq_02295,4729
4630,nose,[2],celeba_hq_01296,celeba_hq_02296,4730
4631,nose,[2],celeba_hq_01297,celeba_hq_02297,4731
4632,nose,[2],celeba_hq_01298,celeba_hq_02298,4732
4633,nose,[2],celeba_hq_01299,celeba_hq_02299,4733
4634,nose,[2],celeba_hq_01300,celeba_hq_02300,4734
4635,nose,[2],celeba_hq_01301,celeba_hq_02301,4735
4636,nose,[2],celeba_hq_01302,celeba_hq_02302,4736
4637,nose,[2],celeba_hq_01303,celeba_hq_02303,4737
4638,nose,[2],celeba_hq_01304,celeba_hq_02304,4738
4639,nose,[2],celeba_hq_01305,celeba_hq_02305,4739
4640,nose,[2],celeba_hq_01306,celeba_hq_02306,4740
4641,nose,[2],celeba_hq_01307,celeba_hq_02307,4741
4642,nose,[2],celeba_hq_01308,celeba_hq_02308,4742
4643,nose,[2],celeba_hq_01309,celeba_hq_02309,4743
4644,nose,[2],celeba_hq_01310,celeba_hq_02310,4744
4645,nose,[2],celeba_hq_01311,celeba_hq_02311,4745
4646,nose,[2],celeba_hq_01312,celeba_hq_02312,4746
4647,nose,[2],celeba_hq_01313,celeba_hq_02313,4747
4648,nose,[2],celeba_hq_01314,celeba_hq_02314,4748
4649,nose,[2],celeba_hq_01315,celeba_hq_02315,4749
4650,nose,[2],celeba_hq_01316,celeba_hq_02316,4750
4651,nose,[2],celeba_hq_01317,celeba_hq_02317,4751
4652,nose,[2],celeba_hq_01318,celeba_hq_02318,4752
4653,nose,[2],celeba_hq_01319,celeba_hq_02319,4753
4654,nose,[2],celeba_hq_01320,celeba_hq_02320,4754
4655,nose,[2],celeba_hq_01321,celeba_hq_02321,4755
4656,nose,[2],celeba_hq_01322,celeba_hq_02322,4756
4657,nose,[2],celeba_hq_01323,celeba_hq_02323,4757
4658,nose,[2],celeba_hq_01324,celeba_hq_02324,4758
4659,nose,[2],celeba_hq_01325,celeba_hq_02325,4759
4660,nose,[2],celeba_hq_01326,celeba_hq_02326,4760
4661,nose,[2],celeba_hq_01327,celeba_hq_02327,4761
4662,nose,[2],celeba_hq_01328,celeba_hq_02328,4762
4663,nose,[2],celeba_hq_01329,celeba_hq_02329,4763
4664,nose,[2],celeba_hq_01330,celeba_hq_02330,4764
4665,nose,[2],celeba_hq_01331,celeba_hq_02331,4765
4666,nose,[2],celeba_hq_01332,celeba_hq_02332,4766
4667,nose,[2],celeba_hq_01333,celeba_hq_02333,4767
4668,nose,[2],celeba_hq_01334,celeba_hq_02334,4768
4669,nose,[2],celeba_hq_01335,celeba_hq_02335,4769
4670,nose,[2],celeba_hq_01336,celeba_hq_02336,4770
4671,nose,[2],celeba_hq_01337,celeba_hq_02337,4771
4672,nose,[2],celeba_hq_01338,celeba_hq_02338,4772
4673,nose,[2],celeba_hq_01339,celeba_hq_02339,4773
4674,nose,[2],celeba_hq_01340,celeba_hq_02340,4774
4675,nose,[2],celeba_hq_01341,celeba_hq_02341,4775
4676,nose,[2],celeba_hq_01342,celeba_hq_02342,4776
4677,nose,[2],celeba_hq_01343,celeba_hq_02343,4777
4678,nose,[2],celeba_hq_01344,celeba_hq_02344,4778
4679,nose,[2],celeba_hq_01345,celeba_hq_02345,4779
4680,nose,[2],celeba_hq_01346,celeba_hq_02346,4780
4681,nose,[2],celeba_hq_01347,celeba_hq_02347,4781
4682,nose,[2],celeba_hq_01348,celeba_hq_02348,4782
4683,nose,[2],celeba_hq_01349,celeba_hq_02349,4783
4684,nose,[2],celeba_hq_01350,celeba_hq_02350,4784
4685,nose,[2],celeba_hq_01351,celeba_hq_02351,4785
4686,nose,[2],celeba_hq_01352,celeba_hq_02352,4786
4687,nose,[2],celeba_hq_01353,celeba_hq_02353,4787
4688,nose,[2],celeba_hq_01354,celeba_hq_02354,4788
4689,nose,[2],celeba_hq_01355,celeba_hq_02355,4789
4690,nose,[2],celeba_hq_01356,celeba_hq_02356,4790
4691,nose,[2],celeba_hq_01357,celeba_hq_02357,4791
4692,nose,[2],celeba_hq_01358,celeba_hq_02358,4792
4693,nose,[2],celeba_hq_01359,celeba_hq_02359,4793
4694,nose,[2],celeba_hq_01360,celeba_hq_02360,4794
4695,nose,[2],celeba_hq_01361,celeba_hq_02361,4795
4696,nose,[2],celeba_hq_01362,celeba_hq_02362,4796
4697,nose,[2],celeba_hq_01363,celeba_hq_02363,4797
4698,nose,[2],celeba_hq_01364,celeba_hq_02364,4798
4699,nose,[2],celeba_hq_01365,celeba_hq_02365,4799
4700,nose,[2],celeba_hq_01366,celeba_hq_02366,4800
4701,nose,[2],celeba_hq_01367,celeba_hq_02367,4801
4702,nose,[2],celeba_hq_01368,celeba_hq_02368,4802
4703,nose,[2],celeba_hq_01369,celeba_hq_02369,4803
4704,nose,[2],celeba_hq_01370,celeba_hq_02370,4804
4705,nose,[2],celeba_hq_01371,celeba_hq_02371,4805
4706,nose,[2],celeba_hq_01372,celeba_hq_02372,4806
4707,nose,[2],celeba_hq_01373,celeba_hq_02373,4807
4708,nose,[2],celeba_hq_01374,celeba_hq_02374,4808
4709,nose,[2],celeba_hq_01375,celeba_hq_02375,4809
4710,nose,[2],celeba_hq_01376,celeba_hq_02376,4810
4711,nose,[2],celeba_hq_01377,celeba_hq_02377,4811
4712,nose,[2],celeba_hq_01378,celeba_hq_02378,4812
4713,nose,[2],celeba_hq_01379,celeba_hq_02379,4813
4714,nose,[2],celeba_hq_01380,celeba_hq_02380,4814
4715,nose,[2],celeba_hq_01381,celeba_hq_02381,4815
4716,nose,[2],celeba_hq_01382,celeba_hq_02382,4816
4717,nose,[2],celeba_hq_01383,celeba_hq_02383,4817
4718,nose,[2],celeba_hq_01384,celeba_hq_02384,4818
4719,nose,[2],celeba_hq_01385,celeba_hq_02385,4819
4720,nose,[2],celeba_hq_01386,celeba_hq_02386,4820
4721,nose,[2],celeba_hq_01387,celeba_hq_02387,4821
4722,nose,[2],celeba_hq_01388,celeba_hq_02388,4822
4723,nose,[2],celeba_hq_01389,celeba_hq_02389,4823
4724,nose,[2],celeba_hq_01390,celeba_hq_02390,4824
4725,nose,[2],celeba_hq_01391,celeba_hq_02391,4825
4726,nose,[2],celeba_hq_01392,celeba_hq_02392,4826
4727,nose,[2],celeba_hq_01393,celeba_hq_02393,4827
4728,nose,[2],celeba_hq_01394,celeba_hq_02394,4828
4729,nose,[2],celeba_hq_01395,celeba_hq_02395,4829
4730,nose,[2],celeba_hq_01396,celeba_hq_02396,4830
4731,nose,[2],celeba_hq_01397,celeba_hq_02397,4831
4732,nose,[2],celeba_hq_01398,celeba_hq_02398,4832
4733,nose,[2],celeba_hq_01399,celeba_hq_02399,4833
4734,nose,[2],celeba_hq_01400,celeba_hq_02400,4834
4735,nose,[2],celeba_hq_01401,celeba_hq_02401,4835
4736,nose,[2],celeba_hq_01402,celeba_hq_02402,4836
4737,nose,[2],celeba_hq_01403,celeba_hq_02403,4837
4738,nose,[2],celeba_hq_01404,celeba_hq_02404,4838
4739,nose,[2],celeba_hq_01405,celeba_hq_02405,4839
4740,nose,[2],celeba_hq_01406,celeba_hq_02406,4840
4741,nose,[2],celeba_hq_01407,celeba_hq_02407,4841
4742,nose,[2],celeba_hq_01408,celeba_hq_02408,4842
4743,nose,[2],celeba_hq_01409,celeba_hq_02409,4843
4744,nose,[2],celeba_hq_01410,celeba_hq_02410,4844
4745,nose,[2],celeba_hq_01411,celeba_hq_02411,4845
4746,nose,[2],celeba_hq_01412,celeba_hq_02412,4846
4747,nose,[2],celeba_hq_01413,celeba_hq_02413,4847
4748,nose,[2],celeba_hq_01414,celeba_hq_02414,4848
4749,nose,[2],celeba_hq_01415,celeba_hq_02415,4849
4750,nose,[2],celeba_hq_01416,celeba_hq_02416,4850
4751,nose,[2],celeba_hq_01417,celeba_hq_02417,4851
4752,nose,[2],celeba_hq_01418,celeba_hq_02418,4852
4753,nose,[2],celeba_hq_01419,celeba_hq_02419,4853
4754,nose,[2],celeba_hq_01420,celeba_hq_02420,4854
4755,nose,[2],celeba_hq_01421,celeba_hq_02421,4855
4756,nose,[2],celeba_hq_01422,celeba_hq_02422,4856
4757,nose,[2],celeba_hq_01423,celeba_hq_02423,4857
4758,nose,[2],celeba_hq_01424,celeba_hq_02424,4858
4759,nose,[2],celeba_hq_01425,celeba_hq_02425,4859
4760,nose,[2],celeba_hq_01426,celeba_hq_02426,4860
4761,nose,[2],celeba_hq_01427,celeba_hq_02427,4861
4762,nose,[2],celeba_hq_01428,celeba_hq_02428,4862
4763,nose,[2],celeba_hq_01429,celeba_hq_02429,4863
4764,nose,[2],celeba_hq_01430,celeba_hq_02430,4864
4765,nose,[2],celeba_hq_01431,celeba_hq_02431,4865
4766,nose,[2],celeba_hq_01432,celeba_hq_02432,4866
4767,nose,[2],celeba_hq_01433,celeba_hq_02433,4867
4768,nose,[2],celeba_hq_01434,celeba_hq_02434,4868
4769,nose,[2],celeba_hq_01435,celeba_hq_02435,4869
4770,nose,[2],celeba_hq_01436,celeba_hq_02436,4870
4771,nose,[2],celeba_hq_01437,celeba_hq_02437,4871
4772,nose,[2],celeba_hq_01438,celeba_hq_02438,4872
4773,nose,[2],celeba_hq_01439,celeba_hq_02439,4873
4774,nose,[2],celeba_hq_01440,celeba_hq_02440,4874
4775,nose,[2],celeba_hq_01441,celeba_hq_02441,4875
4776,nose,[2],celeba_hq_01442,celeba_hq_02442,4876
4777,nose,[2],celeba_hq_01443,celeba_hq_02443,4877
4778,nose,[2],celeba_hq_01444,celeba_hq_02444,4878
4779,nose,[2],celeba_hq_01445,celeba_hq_02445,4879
4780,nose,[2],celeba_hq_01446,celeba_hq_02446,4880
4781,nose,[2],celeba_hq_01447,celeba_hq_02447,4881
4782,nose,[2],celeba_hq_01448,celeba_hq_02448,4882
4783,nose,[2],celeba_hq_01449,celeba_hq_02449,4883
4784,nose,[2],celeba_hq_01450,celeba_hq_02450,4884
4785,nose,[2],celeba_hq_01451,celeba_hq_02451,4885
4786,nose,[2],celeba_hq_01452,celeba_hq_02452,4886
4787,nose,[2],celeba_hq_01453,celeba_hq_02453,4887
4788,nose,[2],celeba_hq_01454,celeba_hq_02454,4888
4789,nose,[2],celeba_hq_01455,celeba_hq_02455,4889
4790,nose,[2],celeba_hq_01456,celeba_hq_02456,4890
4791,nose,[2],celeba_hq_01457,celeba_hq_02457,4891
4792,nose,[2],celeba_hq_01458,celeba_hq_02458,4892
4793,nose,[2],celeba_hq_01459,celeba_hq_02459,4893
4794,nose,[2],celeba_hq_01460,celeba_hq_02460,4894
4795,nose,[2],celeba_hq_01461,celeba_hq_02461,4895
4796,nose,[2],celeba_hq_01462,celeba_hq_02462,4896
4797,nose,[2],celeba_hq_01463,celeba_hq_02463,4897
4798,nose,[2],celeba_hq_01464,celeba_hq_02464,4898
4799,nose,[2],celeba_hq_01465,celeba_hq_02465,4899
4800,nose,[2],celeba_hq_01466,celeba_hq_02466,4900
4801,nose,[2],celeba_hq_01467,celeba_hq_02467,4901
4802,nose,[2],celeba_hq_01468,celeba_hq_02468,4902
4803,nose,[2],celeba_hq_01469,celeba_hq_02469,4903
4804,nose,[2],celeba_hq_01470,celeba_hq_02470,4904
4805,nose,[2],celeba_hq_01471,celeba_hq_02471,4905
4806,nose,[2],celeba_hq_01472,celeba_hq_02472,4906
4807,nose,[2],celeba_hq_01473,celeba_hq_02473,4907
4808,nose,[2],celeba_hq_01474,celeba_hq_02474,4908
4809,nose,[2],celeba_hq_01475,celeba_hq_02475,4909
4810,nose,[2],celeba_hq_01476,celeba_hq_02476,4910
4811,nose,[2],celeba_hq_01477,celeba_hq_02477,4911
4812,nose,[2],celeba_hq_01478,celeba_hq_02478,4912
4813,nose,[2],celeba_hq_01479,celeba_hq_02479,4913
4814,nose,[2],celeba_hq_01480,celeba_hq_02480,4914
4815,nose,[2],celeba_hq_01481,celeba_hq_02481,4915
4816,nose,[2],celeba_hq_01482,celeba_hq_02482,4916
4817,nose,[2],celeba_hq_01483,celeba_hq_02483,4917
4818,nose,[2],celeba_hq_01484,celeba_hq_02484,4918
4819,nose,[2],celeba_hq_01485,celeba_hq_02485,4919
4820,nose,[2],celeba_hq_01486,celeba_hq_02486,4920
4821,nose,[2],celeba_hq_01487,celeba_hq_02487,4921
4822,nose,[2],celeba_hq_01488,celeba_hq_02488,4922
4823,nose,[2],celeba_hq_01489,celeba_hq_02489,4923
4824,nose,[2],celeba_hq_01490,celeba_hq_02490,4924
4825,nose,[2],celeba_hq_01491,celeba_hq_02491,4925
4826,nose,[2],celeba_hq_01492,celeba_hq_02492,4926
4827,nose,[2],celeba_hq_01493,celeba_hq_02493,4927
4828,nose,[2],celeba_hq_01494,celeba_hq_02494,4928
4829,nose,[2],celeba_hq_01495,celeba_hq_02495,4929
4830,nose,[2],celeba_hq_01496,celeba_hq_02496,4930
4831,nose,[2],celeba_hq_01497,celeba_hq_02497,4931
4832,nose,[2],celeba_hq_01498,celeba_hq_02498,4932
4833,nose,[2],celeba_hq_01499,celeba_hq_02499,4933
4834,nose,[2],celeba_hq_01500,celeba_hq_02500,4934
4835,nose,[2],celeba_hq_01501,celeba_hq_02501,4935
4836,nose,[2],celeba_hq_01502,celeba_hq_02502,4936
4837,nose,[2],celeba_hq_01503,celeba_hq_02503,4937
4838,nose,[2],celeba_hq_01504,celeba_hq_02504,4938
4839,nose,[2],celeba_hq_01505,celeba_hq_02505,4939
4840,nose,[2],celeba_hq_01506,celeba_hq_02506,4940
4841,nose,[2],celeba_hq_01507,celeba_hq_02507,4941
4842,nose,[2],celeba_hq_01508,celeba_hq_02508,4942
4843,nose,[2],celeba_hq_01509,celeba_hq_02509,4943
4844,nose,[2],celeba_hq_01510,celeba_hq_02510,4944
4845,nose,[2],celeba_hq_01511,celeba_hq_02511,4945
4846,nose,[2],celeba_hq_01512,celeba_hq_02512,4946
4847,nose,[2],celeba_hq_01513,celeba_hq_02513,4947
4848,nose,[2],celeba_hq_01514,celeba_hq_02514,4948
4849,nose,[2],celeba_hq_01515,celeba_hq_02515,4949
4850,nose,[2],celeba_hq_01516,celeba_hq_02516,4950
4851,nose,[2],celeba_hq_01517,celeba_hq_02517,4951
4852,nose,[2],celeba_hq_01518,celeba_hq_02518,4952
4853,nose,[2],celeba_hq_01519,celeba_hq_02519,4953
4854,nose,[2],celeba_hq_01520,celeba_hq_02520,4954
4855,nose,[2],celeba_hq_01521,celeba_hq_02521,4955
4856,nose,[2],celeba_hq_01522,celeba_hq_02522,4956
4857,nose,[2],celeba_hq_01523,celeba_hq_02523,4957
4858,nose,[2],celeba_hq_01524,celeba_hq_02524,4958
4859,nose,[2],celeba_hq_01525,celeba_hq_02525,4959
4860,nose,[2],celeba_hq_01526,celeba_hq_02526,4960
4861,nose,[2],celeba_hq_01527,celeba_hq_02527,4961
4862,nose,[2],celeba_hq_01528,celeba_hq_02528,4962
4863,nose,[2],celeba_hq_01529,celeba_hq_02529,4963
4864,nose,[2],celeba_hq_01530,celeba_hq_02530,4964
4865,nose,[2],celeba_hq_01531,celeba_hq_02531,4965
4866,nose,[2],celeba_hq_01532,celeba_hq_02532,4966
4867,nose,[2],celeba_hq_01533,celeba_hq_02533,4967
4868,nose,[2],celeba_hq_01534,celeba_hq_02534,4968
4869,nose,[2],celeba_hq_01535,celeba_hq_02535,4969
4870,nose,[2],celeba_hq_01536,celeba_hq_02536,4970
4871,nose,[2],celeba_hq_01537,celeba_hq_02537,4971
4872,nose,[2],celeba_hq_01538,celeba_hq_02538,4972
4873,nose,[2],celeba_hq_01539,celeba_hq_02539,4973
4874,nose,[2],celeba_hq_01540,celeba_hq_02540,4974
4875,nose,[2],celeba_hq_01541,celeba_hq_02541,4975
4876,nose,[2],celeba_hq_01542,celeba_hq_02542,4976
4877,nose,[2],celeba_hq_01543,celeba_hq_02543,4977
4878,nose,[2],celeba_hq_01544,celeba_hq_02544,4978
4879,nose,[2],celeba_hq_01545,celeba_hq_02545,4979
4880,nose,[2],celeba_hq_01546,celeba_hq_02546,4980
4881,nose,[2],celeba_hq_01547,celeba_hq_02547,4981
4882,nose,[2],celeba_hq_01548,celeba_hq_02548,4982
4883,nose,[2],celeba_hq_01549,celeba_hq_02549,4983
4884,nose,[2],celeba_hq_01550,celeba_hq_02550,4984
4885,nose,[2],celeba_hq_01551,celeba_hq_02551,4985
4886,nose,[2],celeba_hq_01552,celeba_hq_02552,4986
4887,nose,[2],celeba_hq_01553,celeba_hq_02553,4987
4888,nose,[2],celeba_hq_01554,celeba_hq_02554,4988
4889,nose,[2],celeba_hq_01555,celeba_hq_02555,4989
4890,nose,[2],celeba_hq_01556,celeba_hq_02556,4990
4891,nose,[2],celeba_hq_01557,celeba_hq_02557,4991
4892,nose,[2],celeba_hq_01558,celeba_hq_02558,4992
4893,nose,[2],celeba_hq_01559,celeba_hq_02559,4993
4894,nose,[2],celeba_hq_01560,celeba_hq_02560,4994
4895,nose,[2],celeba_hq_01561,celeba_hq_02561,4995
4896,nose,[2],celeba_hq_01562,celeba_hq_02562,4996
4897,nose,[2],celeba_hq_01563,celeba_hq_02563,4997
4898,nose,[2],celeba_hq_01564,celeba_hq_02564,4998
4899,nose,[2],celeba_hq_01565,celeba_hq_02565,4999
4900,nose,[2],celeba_hq_01566,celeba_hq_02566,5000
4901,nose,[2],celeba_hq_01567,celeba_hq_02567,5001
4902,nose,[2],celeba_hq_01568,celeba_hq_02568,5002
4903,nose,[2],celeba_hq_01569,celeba_hq_02569,5003
4904,nose,[2],celeba_hq_01570,celeba_hq_02570,5004
4905,nose,[2],celeba_hq_01571,celeba_hq_02571,5005
4906,nose,[2],celeba_hq_01572,celeba_hq_02572,5006
4907,nose,[2],celeba_hq_01573,celeba_hq_02573,5007
4908,nose,[2],celeba_hq_01574,celeba_hq_02574,5008
4909,nose,[2],celeba_hq_01575,celeba_hq_02575,5009
4910,nose,[2],celeba_hq_01576,celeba_hq_02576,5010
4911,nose,[2],celeba_hq_01577,celeba_hq_02577,5011
4912,nose,[2],celeba_hq_01578,celeba_hq_02578,5012
4913,nose,[2],celeba_hq_01579,celeba_hq_02579,5013
4914,nose,[2],celeba_hq_01580,celeba_hq_02580,5014
4915,nose,[2],celeba_hq_01581,celeba_hq_02581,5015
4916,nose,[2],celeba_hq_01582,celeba_hq_02582,5016
4917,nose,[2],celeba_hq_01583,celeba_hq_02583,5017
4918,nose,[2],celeba_hq_01584,celeba_hq_02584,5018
4919,nose,[2],celeba_hq_01585,celeba_hq_02585,5019
4920,nose,[2],celeba_hq_01586,celeba_hq_02586,5020
4921,nose,[2],celeba_hq_01587,celeba_hq_02587,5021
4922,nose,[2],celeba_hq_01588,celeba_hq_02588,5022
4923,nose,[2],celeba_hq_01589,celeba_hq_02589,5023
4924,nose,[2],celeba_hq_01590,celeba_hq_02590,5024
4925,nose,[2],celeba_hq_01591,celeba_hq_02591,5025
4926,nose,[2],celeba_hq_01592,celeba_hq_02592,5026
4927,nose,[2],celeba_hq_01593,celeba_hq_02593,5027
4928,nose,[2],celeba_hq_01594,celeba_hq_02594,5028
4929,nose,[2],celeba_hq_01595,celeba_hq_02595,5029
4930,nose,[2],celeba_hq_01596,celeba_hq_02596,5030
4931,nose,[2],celeba_hq_01597,celeba_hq_02597,5031
4932,nose,[2],celeba_hq_01598,celeba_hq_02598,5032
4933,nose,[2],celeba_hq_01599,celeba_hq_02599,5033
4934,nose,[2],celeba_hq_01600,celeba_hq_02600,5034
4935,nose,[2],celeba_hq_01601,celeba_hq_02601,5035
4936,nose,[2],celeba_hq_01602,celeba_hq_02602,5036
4937,nose,[2],celeba_hq_01603,celeba_hq_02603,5037
4938,nose,[2],celeba_hq_01604,celeba_hq_02604,5038
4939,nose,[2],celeba_hq_01605,celeba_hq_02605,5039
4940,nose,[2],celeba_hq_01606,celeba_hq_02606,5040
4941,nose,[2],celeba_hq_01607,celeba_hq_02607,5041
4942,nose,[2],celeba_hq_01608,celeba_hq_02608,5042
4943,nose,[2],celeba_hq_01609,celeba_hq_02609,5043
4944,nose,[2],celeba_hq_01610,celeba_hq_02610,5044
4945,nose,[2],celeba_hq_01611,celeba_hq_02611,5045
4946,nose,[2],celeba_hq_01612,celeba_hq_02612,5046
4947,nose,[2],celeba_hq_01613,celeba_hq_02613,5047
4948,nose,[2],celeba_hq_01614,celeba_hq_02614,5048
4949,nose,[2],celeba_hq_01615,celeba_hq_02615,5049
4950,nose,[2],celeba_hq_01616,celeba_hq_02616,5050
4951,nose,[2],celeba_hq_01617,celeba_hq_02617,5051
4952,nose,[2],celeba_hq_01618,celeba_hq_02618,5052
4953,nose,[2],celeba_hq_01619,celeba_hq_02619,5053
4954,nose,[2],celeba_hq_01620,celeba_hq_02620,5054
4955,nose,[2],celeba_hq_01621,celeba_hq_02621,5055
4956,nose,[2],celeba_hq_01622,celeba_hq_02622,5056
4957,nose,[2],celeba_hq_01623,celeba_hq_02623,5057
4958,nose,[2],celeba_hq_01624,celeba_hq_02624,5058
4959,nose,[2],celeba_hq_01625,celeba_hq_02625,5059
4960,nose,[2],celeba_hq_01626,celeba_hq_02626,5060
4961,nose,[2],celeba_hq_01627,celeba_hq_02627,5061
4962,nose,[2],celeba_hq_01628,celeba_hq_02628,5062
4963,nose,[2],celeba_hq_01629,celeba_hq_02629,5063
4964,nose,[2],celeba_hq_01630,celeba_hq_02630,5064
4965,nose,[2],celeba_hq_01631,celeba_hq_02631,5065
4966,nose,[2],celeba_hq_01632,celeba_hq_02632,5066
4967,nose,[2],celeba_hq_01633,celeba_hq_02633,5067
4968,nose,[2],celeba_hq_01634,celeba_hq_02634,5068
4969,nose,[2],celeba_hq_01635,celeba_hq_02635,5069
4970,nose,[2],celeba_hq_01636,celeba_hq_02636,5070
4971,nose,[2],celeba_hq_01637,celeba_hq_02637,5071
4972,nose,[2],celeba_hq_01638,celeba_hq_02638,5072
4973,nose,[2],celeba_hq_01639,celeba_hq_02639,5073
4974,nose,[2],celeba_hq_01640,celeba_hq_02640,5074
4975,nose,[2],celeba_hq_01641,celeba_hq_02641,5075
4976,nose,[2],celeba_hq_01642,celeba_hq_02642,5076
4977,nose,[2],celeba_hq_01643,celeba_hq_02643,5077
4978,nose,[2],celeba_hq_01644,celeba_hq_02644,5078
4979,nose,[2],celeba_hq_01645,celeba_hq_02645,5079
4980,nose,[2],celeba_hq_01646,celeba_hq_02646,5080
4981,nose,[2],celeba_hq_01647,celeba_hq_02647,5081
4982,nose,[2],celeba_hq_01648,celeba_hq_02648,5082
4983,nose,[2],celeba_hq_01649,celeba_hq_02649,5083
4984,nose,[2],celeba_hq_01650,celeba_hq_02650,5084
4985,nose,[2],celeba_hq_01651,celeba_hq_02651,5085
4986,nose,[2],celeba_hq_01652,celeba_hq_02652,5086
4987,nose,[2],celeba_hq_01653,celeba_hq_02653,5087
4988,nose,[2],celeba_hq_01654,celeba_hq_02654,5088
4989,nose,[2],celeba_hq_01655,celeba_hq_02655,5089
4990,nose,[2],celeba_hq_01656,celeba_hq_02656,5090
4991,nose,[2],celeba_hq_01657,celeba_hq_02657,5091
4992,nose,[2],celeba_hq_01658,celeba_hq_02658,5092
4993,nose,[2],celeba_hq_01659,celeba_hq_02659,5093
4994,nose,[2],celeba_hq_01660,celeba_hq_02660,5094
4995,nose,[2],celeba_hq_01661,celeba_hq_02661,5095
4996,nose,[2],celeba_hq_01662,celeba_hq_02662,5096
4997,nose,[2],celeba_hq_01663,celeba_hq_02663,5097
4998,nose,[2],celeba_hq_01664,celeba_hq_02664,5098
4999,nose,[2],celeba_hq_01665,celeba_hq_02665,5099
